"Variante";"Seed";"Sieger";"Runden";"Beiträge";"Startfigur";"LP Gawain";"LP Gildas";"Aussetzbeiträge";"Blutungsticks"
"weapons";"10609178";"gildas";"10";"20";"gawain";"0";"40";"0";"0"
"weapons";"2665044939";"gildas";"12";"23";"gildas";"0";"30";"0";"0"
"weapons";"1024513404";"gildas";"9";"18";"gawain";"0";"35";"0";"0"
"weapons";"3678949165";"gildas";"14";"28";"gawain";"0";"33";"0";"0"
"weapons";"2038417630";"gildas";"18";"35";"gildas";"0";"33";"0";"0"
"weapons";"397886095";"gildas";"11";"21";"gildas";"0";"41";"0";"0"
"weapons";"3052321856";"gildas";"10";"19";"gildas";"0";"40";"0";"0"
"weapons";"1411790321";"gildas";"10";"20";"gawain";"0";"23";"0";"0"
"weapons";"4066226082";"gildas";"19";"37";"gildas";"0";"18";"0";"0"
"weapons";"2425694547";"gildas";"9";"18";"gawain";"0";"47";"0";"0"
"weapons";"785163012";"gildas";"18";"35";"gildas";"0";"23";"0";"0"
"weapons";"3439598773";"gildas";"11";"22";"gawain";"0";"10";"0";"0"
"weapons";"1799067238";"gildas";"11";"22";"gawain";"0";"15";"0";"0"
"weapons";"158535703";"gildas";"7";"14";"gawain";"0";"51";"0";"0"
"weapons";"2812971464";"gildas";"16";"31";"gildas";"0";"38";"0";"0"
"weapons";"1172439929";"gildas";"12";"24";"gawain";"0";"29";"0";"0"
"weapons";"3826875690";"gildas";"14";"27";"gildas";"0";"45";"0";"0"
"weapons";"2186344155";"gildas";"13";"25";"gildas";"0";"4";"0";"0"
"weapons";"545812620";"gildas";"10";"20";"gawain";"0";"51";"0";"0"
"weapons";"3200248381";"gildas";"10";"19";"gildas";"0";"42";"0";"0"
"weapons";"1559716846";"gildas";"8";"16";"gawain";"0";"29";"0";"0"
"weapons";"4214152607";"gildas";"11";"21";"gildas";"0";"46";"0";"0"
"weapons";"2573621072";"gildas";"13";"25";"gildas";"0";"19";"0";"0"
"weapons";"933089537";"gildas";"17";"33";"gildas";"0";"2";"0";"0"
"weapons";"3587525298";"gildas";"13";"26";"gawain";"0";"33";"0";"0"
"weapons";"1946993763";"gildas";"11";"21";"gildas";"0";"53";"0";"0"
"weapons";"306462228";"gildas";"20";"40";"gawain";"0";"6";"0";"0"
"weapons";"2960897989";"gildas";"12";"24";"gawain";"0";"29";"0";"0"
"weapons";"1320366454";"gildas";"14";"27";"gildas";"0";"51";"0";"0"
"weapons";"3974802215";"gildas";"9";"18";"gawain";"0";"8";"0";"0"
"weapons";"2334270680";"gildas";"8";"16";"gawain";"0";"55";"0";"0"
"weapons";"693739145";"gildas";"8";"15";"gildas";"0";"29";"0";"0"
"weapons";"3348174906";"gildas";"8";"15";"gildas";"0";"29";"0";"0"
"weapons";"1707643371";"gildas";"8";"16";"gawain";"0";"28";"0";"0"
"weapons";"67111836";"gildas";"11";"22";"gawain";"0";"37";"0";"0"
"weapons";"2721547597";"gildas";"9";"17";"gildas";"0";"60";"0";"0"
"weapons";"1081016062";"gildas";"11";"22";"gawain";"0";"44";"0";"0"
"weapons";"3735451823";"gildas";"8";"15";"gildas";"0";"36";"0";"0"
"weapons";"2094920288";"gildas";"11";"21";"gildas";"0";"45";"0";"0"
"weapons";"454388753";"gildas";"8";"16";"gawain";"0";"37";"0";"0"
"weapons";"3108824514";"gildas";"12";"23";"gildas";"0";"9";"0";"0"
"weapons";"1468292979";"gildas";"18";"36";"gawain";"0";"23";"0";"0"
"weapons";"4122728740";"gildas";"7";"14";"gawain";"0";"53";"0";"0"
"weapons";"2482197205";"gildas";"7";"13";"gildas";"0";"44";"0";"0"
"weapons";"841665670";"gildas";"15";"29";"gildas";"0";"30";"0";"0"
"weapons";"3496101431";"gildas";"16";"31";"gildas";"0";"5";"0";"0"
"weapons";"1855569896";"gawain";"11";"22";"gildas";"8";"0";"0";"0"
"weapons";"215038361";"gildas";"10";"19";"gildas";"0";"52";"0";"0"
"weapons";"2869474122";"gildas";"9";"17";"gildas";"0";"33";"0";"0"
"weapons";"1228942587";"gildas";"11";"22";"gawain";"0";"47";"0";"0"
"weapons";"3883378348";"gildas";"13";"26";"gawain";"0";"52";"0";"0"
"weapons";"2242846813";"gildas";"15";"30";"gawain";"0";"26";"0";"0"
"weapons";"602315278";"gildas";"10";"19";"gildas";"0";"23";"0";"0"
"weapons";"3256751039";"gildas";"18";"36";"gawain";"0";"22";"0";"0"
"weapons";"1616219504";"gildas";"8";"16";"gawain";"0";"37";"0";"0"
"weapons";"4270655265";"gildas";"9";"17";"gildas";"0";"46";"0";"0"
"weapons";"2630123730";"gildas";"8";"16";"gawain";"0";"20";"0";"0"
"weapons";"989592195";"gildas";"13";"26";"gawain";"0";"17";"0";"0"
"weapons";"3644027956";"gildas";"8";"16";"gawain";"0";"61";"0";"0"
"weapons";"2003496421";"gildas";"14";"27";"gildas";"0";"31";"0";"0"
"weapons";"362964886";"gildas";"14";"27";"gildas";"0";"35";"0";"0"
"weapons";"3017400647";"gildas";"20";"40";"gawain";"0";"20";"0";"0"
"weapons";"1376869112";"gildas";"11";"22";"gawain";"0";"37";"0";"0"
"weapons";"4031304873";"gildas";"14";"27";"gildas";"0";"36";"0";"0"
"weapons";"2390773338";"gildas";"11";"21";"gildas";"0";"33";"0";"0"
"weapons";"750241803";"gildas";"9";"18";"gawain";"0";"29";"0";"0"
"weapons";"3404677564";"gildas";"20";"39";"gildas";"0";"30";"0";"0"
"weapons";"1764146029";"gildas";"15";"30";"gawain";"0";"65";"0";"0"
"weapons";"123614494";"gildas";"10";"20";"gawain";"0";"48";"0";"0"
"weapons";"2778050255";"gildas";"14";"28";"gawain";"0";"34";"0";"0"
"weapons";"1137518720";"gildas";"13";"26";"gawain";"0";"48";"0";"0"
"weapons";"3791954481";"gildas";"10";"20";"gawain";"0";"49";"0";"0"
"weapons";"2151422946";"gildas";"8";"15";"gildas";"0";"52";"0";"0"
"weapons";"510891411";"gildas";"13";"26";"gawain";"0";"19";"0";"0"
"weapons";"3165327172";"gildas";"13";"25";"gildas";"0";"16";"0";"0"
"weapons";"1524795637";"gildas";"13";"26";"gawain";"0";"47";"0";"0"
"weapons";"4179231398";"gildas";"9";"18";"gawain";"0";"36";"0";"0"
"weapons";"2538699863";"gildas";"11";"21";"gildas";"0";"27";"0";"0"
"weapons";"898168328";"gildas";"12";"24";"gawain";"0";"37";"0";"0"
"weapons";"3552604089";"gildas";"15";"30";"gawain";"0";"43";"0";"0"
"weapons";"1912072554";"gildas";"9";"18";"gawain";"0";"35";"0";"0"
"weapons";"271541019";"gildas";"18";"36";"gawain";"0";"14";"0";"0"
"weapons";"2925976780";"gildas";"10";"19";"gildas";"0";"52";"0";"0"
"weapons";"1285445245";"gildas";"17";"33";"gildas";"0";"34";"0";"0"
"weapons";"3939881006";"gildas";"9";"17";"gildas";"0";"32";"0";"0"
"weapons";"2299349471";"gildas";"13";"25";"gildas";"0";"26";"0";"0"
"weapons";"658817936";"gildas";"14";"28";"gawain";"0";"23";"0";"0"
"weapons";"3313253697";"gildas";"10";"19";"gildas";"0";"65";"0";"0"
"weapons";"1672722162";"gildas";"9";"18";"gawain";"0";"27";"0";"0"
"weapons";"32190627";"gildas";"10";"19";"gildas";"0";"44";"0";"0"
"weapons";"2686626388";"gildas";"9";"17";"gildas";"0";"36";"0";"0"
"weapons";"1046094853";"gildas";"14";"28";"gawain";"0";"16";"0";"0"
"weapons";"3700530614";"gildas";"14";"28";"gawain";"0";"30";"0";"0"
"weapons";"2059999079";"gildas";"11";"21";"gildas";"0";"43";"0";"0"
"weapons";"419467544";"gildas";"8";"15";"gildas";"0";"51";"0";"0"
"weapons";"3073903305";"gildas";"8";"15";"gildas";"0";"50";"0";"0"
"weapons";"1433371770";"gildas";"14";"27";"gildas";"0";"51";"0";"0"
"weapons";"4087807531";"gildas";"15";"29";"gildas";"0";"25";"0";"0"
"weapons";"2447275996";"gildas";"12";"23";"gildas";"0";"17";"0";"0"
"weapons";"806744461";"gildas";"7";"14";"gawain";"0";"57";"0";"0"
"weapons";"3461180222";"gildas";"8";"15";"gildas";"0";"45";"0";"0"
"weapons";"1820648687";"gildas";"7";"14";"gawain";"0";"44";"0";"0"
"weapons";"180117152";"gildas";"11";"22";"gawain";"0";"30";"0";"0"
"weapons";"2834552913";"gawain";"16";"31";"gawain";"16";"0";"0";"0"
"weapons";"1194021378";"gildas";"7";"13";"gildas";"0";"65";"0";"0"
"weapons";"3848457139";"gildas";"9";"17";"gildas";"0";"65";"0";"0"
"weapons";"2207925604";"gildas";"9";"17";"gildas";"0";"37";"0";"0"
"weapons";"567394069";"gildas";"9";"17";"gildas";"0";"55";"0";"0"
"weapons";"3221829830";"gildas";"8";"16";"gawain";"0";"40";"0";"0"
"weapons";"1581298295";"gildas";"18";"36";"gawain";"0";"34";"0";"0"
"weapons";"4235734056";"gildas";"17";"34";"gawain";"0";"33";"0";"0"
"weapons";"2595202521";"gildas";"16";"31";"gildas";"0";"45";"0";"0"
"weapons";"954670986";"gildas";"9";"17";"gildas";"0";"48";"0";"0"
"weapons";"3609106747";"gildas";"13";"26";"gawain";"0";"34";"0";"0"
"weapons";"1968575212";"gildas";"10";"19";"gildas";"0";"27";"0";"0"
"weapons";"328043677";"gildas";"6";"11";"gildas";"0";"37";"0";"0"
"weapons";"2982479438";"gildas";"12";"23";"gildas";"0";"41";"0";"0"
"weapons";"1341947903";"gildas";"14";"27";"gildas";"0";"31";"0";"0"
"weapons";"3996383664";"gildas";"13";"26";"gawain";"0";"9";"0";"0"
"weapons";"2355852129";"gildas";"13";"26";"gawain";"0";"19";"0";"0"
"weapons";"715320594";"gildas";"14";"27";"gildas";"0";"54";"0";"0"
"weapons";"3369756355";"gildas";"16";"31";"gildas";"0";"31";"0";"0"
"weapons";"1729224820";"gildas";"14";"28";"gawain";"0";"44";"0";"0"
"weapons";"88693285";"gildas";"15";"30";"gawain";"0";"32";"0";"0"
"weapons";"2743129046";"gildas";"6";"11";"gildas";"0";"56";"0";"0"
"weapons";"1102597511";"gildas";"17";"34";"gawain";"0";"22";"0";"0"
"weapons";"3757033272";"gildas";"11";"21";"gildas";"0";"46";"0";"0"
"weapons";"2116501737";"gildas";"14";"28";"gawain";"0";"13";"0";"0"
"weapons";"475970202";"gildas";"8";"15";"gildas";"0";"47";"0";"0"
"weapons";"3130405963";"gildas";"10";"20";"gawain";"0";"25";"0";"0"
"weapons";"1489874428";"gildas";"11";"21";"gildas";"0";"11";"0";"0"
"weapons";"4144310189";"gildas";"9";"18";"gawain";"0";"39";"0";"0"
"weapons";"2503778654";"gildas";"11";"21";"gildas";"0";"34";"0";"0"
"weapons";"863247119";"gildas";"16";"32";"gawain";"0";"26";"0";"0"
"weapons";"3517682880";"gildas";"11";"21";"gildas";"0";"44";"0";"0"
"weapons";"1877151345";"gildas";"10";"20";"gawain";"0";"61";"0";"0"
"weapons";"236619810";"gildas";"8";"16";"gawain";"0";"32";"0";"0"
"weapons";"2891055571";"gildas";"12";"23";"gildas";"0";"32";"0";"0"
"weapons";"1250524036";"gildas";"11";"21";"gildas";"0";"61";"0";"0"
"weapons";"3904959797";"gildas";"12";"23";"gildas";"0";"46";"0";"0"
"weapons";"2264428262";"gildas";"13";"25";"gildas";"0";"34";"0";"0"
"weapons";"623896727";"gildas";"8";"16";"gawain";"0";"44";"0";"0"
"weapons";"3278332488";"gildas";"10";"20";"gawain";"0";"24";"0";"0"
"weapons";"1637800953";"gildas";"10";"19";"gildas";"0";"44";"0";"0"
"weapons";"4292236714";"gildas";"16";"32";"gawain";"0";"27";"0";"0"
"weapons";"2651705179";"gildas";"19";"37";"gildas";"0";"17";"0";"0"
"weapons";"1011173644";"gildas";"7";"13";"gildas";"0";"56";"0";"0"
"weapons";"3665609405";"gildas";"15";"29";"gildas";"0";"2";"0";"0"
"weapons";"2025077870";"gildas";"16";"32";"gawain";"0";"43";"0";"0"
"weapons";"384546335";"gildas";"11";"22";"gawain";"0";"34";"0";"0"
"weapons";"3038982096";"gildas";"9";"17";"gildas";"0";"65";"0";"0"
"weapons";"1398450561";"gildas";"24";"47";"gildas";"0";"24";"0";"0"
"weapons";"4052886322";"gildas";"16";"32";"gawain";"0";"42";"0";"0"
"weapons";"2412354787";"gildas";"11";"22";"gawain";"0";"56";"0";"0"
"weapons";"771823252";"gildas";"12";"24";"gawain";"0";"58";"0";"0"
"weapons";"3426259013";"gildas";"15";"29";"gildas";"0";"45";"0";"0"
"weapons";"1785727478";"gildas";"12";"23";"gildas";"0";"29";"0";"0"
"weapons";"145195943";"gildas";"11";"21";"gildas";"0";"65";"0";"0"
"weapons";"2799631704";"gildas";"8";"15";"gildas";"0";"33";"0";"0"
"weapons";"1159100169";"gildas";"14";"27";"gildas";"0";"24";"0";"0"
"weapons";"3813535930";"gildas";"14";"28";"gawain";"0";"43";"0";"0"
"weapons";"2173004395";"gildas";"9";"18";"gawain";"0";"40";"0";"0"
"weapons";"532472860";"gildas";"9";"17";"gildas";"0";"47";"0";"0"
"weapons";"3186908621";"gildas";"12";"24";"gawain";"0";"26";"0";"0"
"weapons";"1546377086";"gawain";"20";"40";"gildas";"10";"0";"0";"0"
"weapons";"4200812847";"gildas";"8";"15";"gildas";"0";"52";"0";"0"
"weapons";"2560281312";"gildas";"8";"16";"gawain";"0";"52";"0";"0"
"weapons";"919749777";"gildas";"13";"26";"gawain";"0";"41";"0";"0"
"weapons";"3574185538";"gildas";"13";"25";"gildas";"0";"22";"0";"0"
"weapons";"1933654003";"gildas";"15";"29";"gildas";"0";"24";"0";"0"
"weapons";"293122468";"gildas";"10";"19";"gildas";"0";"50";"0";"0"
"weapons";"2947558229";"gildas";"13";"25";"gildas";"0";"36";"0";"0"
"weapons";"1307026694";"gildas";"12";"24";"gawain";"0";"32";"0";"0"
"weapons";"3961462455";"gildas";"15";"29";"gildas";"0";"41";"0";"0"
"weapons";"2320930920";"gildas";"10";"20";"gawain";"0";"43";"0";"0"
"weapons";"680399385";"gildas";"14";"28";"gawain";"0";"38";"0";"0"
"weapons";"3334835146";"gildas";"16";"32";"gawain";"0";"19";"0";"0"
"weapons";"1694303611";"gildas";"13";"25";"gildas";"0";"16";"0";"0"
"weapons";"53772076";"gildas";"13";"25";"gildas";"0";"31";"0";"0"
"weapons";"2708207837";"gildas";"15";"29";"gildas";"0";"8";"0";"0"
"weapons";"1067676302";"gildas";"16";"32";"gawain";"0";"29";"0";"0"
"weapons";"3722112063";"gildas";"9";"17";"gildas";"0";"28";"0";"0"
"weapons";"2081580528";"gildas";"21";"41";"gildas";"0";"20";"0";"0"
"weapons";"441048993";"gildas";"12";"24";"gawain";"0";"34";"0";"0"
"weapons";"3095484754";"gildas";"17";"33";"gildas";"0";"27";"0";"0"
"weapons";"1454953219";"gildas";"12";"24";"gawain";"0";"33";"0";"0"
"weapons";"4109388980";"gildas";"6";"12";"gawain";"0";"41";"0";"0"
"weapons";"2468857445";"gildas";"12";"23";"gildas";"0";"26";"0";"0"
"weapons";"828325910";"gildas";"10";"20";"gawain";"0";"46";"0";"0"
"weapons";"3482761671";"gildas";"12";"24";"gawain";"0";"21";"0";"0"
"weapons";"1842230136";"gildas";"11";"22";"gawain";"0";"25";"0";"0"
"weapons";"201698601";"gildas";"11";"22";"gawain";"0";"20";"0";"0"
"weapons";"2856134362";"gildas";"15";"29";"gildas";"0";"37";"0";"0"
"weapons";"1215602827";"gildas";"20";"40";"gawain";"0";"40";"0";"0"
"weapons";"3870038588";"gildas";"13";"25";"gildas";"0";"26";"0";"0"
"weapons";"2229507053";"gildas";"14";"27";"gildas";"0";"50";"0";"0"
"weapons";"588975518";"gildas";"13";"26";"gawain";"0";"27";"0";"0"
"weapons";"3243411279";"gildas";"15";"30";"gawain";"0";"39";"0";"0"
"weapons";"1602879744";"gildas";"9";"18";"gawain";"0";"34";"0";"0"
"weapons";"4257315505";"gildas";"12";"24";"gawain";"0";"50";"0";"0"
"weapons";"2616783970";"gildas";"16";"31";"gildas";"0";"35";"0";"0"
"weapons";"976252435";"gildas";"9";"18";"gawain";"0";"21";"0";"0"
"weapons";"3630688196";"gildas";"12";"23";"gildas";"0";"24";"0";"0"
"weapons";"1990156661";"gildas";"10";"20";"gawain";"0";"34";"0";"0"
"weapons";"349625126";"gildas";"9";"17";"gildas";"0";"51";"0";"0"
"weapons";"3004060887";"gildas";"17";"34";"gawain";"0";"33";"0";"0"
"weapons";"1363529352";"gildas";"9";"18";"gawain";"0";"33";"0";"0"
"weapons";"4017965113";"gildas";"8";"16";"gawain";"0";"42";"0";"0"
"weapons";"2377433578";"gildas";"16";"32";"gawain";"0";"9";"0";"0"
"weapons";"736902043";"gildas";"7";"14";"gawain";"0";"41";"0";"0"
"weapons";"3391337804";"gildas";"10";"19";"gildas";"0";"39";"0";"0"
"weapons";"1750806269";"gildas";"8";"16";"gawain";"0";"51";"0";"0"
"weapons";"110274734";"gawain";"14";"28";"gildas";"2";"0";"0";"0"
"weapons";"2764710495";"gildas";"9";"18";"gawain";"0";"40";"0";"0"
"weapons";"1124178960";"gildas";"16";"32";"gawain";"0";"34";"0";"0"
"weapons";"3778614721";"gildas";"20";"39";"gildas";"0";"51";"0";"0"
"weapons";"2138083186";"gildas";"9";"17";"gildas";"0";"46";"0";"0"
"weapons";"497551651";"gildas";"13";"26";"gawain";"0";"39";"0";"0"
"weapons";"3151987412";"gildas";"10";"20";"gawain";"0";"40";"0";"0"
"weapons";"1511455877";"gildas";"17";"33";"gildas";"0";"24";"0";"0"
"weapons";"4165891638";"gildas";"14";"28";"gawain";"0";"31";"0";"0"
"weapons";"2525360103";"gildas";"11";"21";"gildas";"0";"17";"0";"0"
"weapons";"884828568";"gildas";"14";"28";"gawain";"0";"22";"0";"0"
"weapons";"3539264329";"gildas";"12";"24";"gawain";"0";"60";"0";"0"
"weapons";"1898732794";"gildas";"8";"15";"gildas";"0";"38";"0";"0"
"weapons";"258201259";"gildas";"17";"33";"gildas";"0";"38";"0";"0"
"weapons";"2912637020";"gildas";"15";"29";"gildas";"0";"35";"0";"0"
"weapons";"1272105485";"gildas";"10";"20";"gawain";"0";"47";"0";"0"
"weapons";"3926541246";"gildas";"10";"19";"gildas";"0";"62";"0";"0"
"weapons";"2286009711";"gildas";"14";"28";"gawain";"0";"38";"0";"0"
"weapons";"645478176";"gildas";"14";"28";"gawain";"0";"33";"0";"0"
"weapons";"3299913937";"gildas";"11";"21";"gildas";"0";"49";"0";"0"
"weapons";"1659382402";"gildas";"9";"18";"gawain";"0";"45";"0";"0"
"weapons";"18850867";"gildas";"16";"31";"gildas";"0";"30";"0";"0"
"weapons";"2673286628";"gildas";"11";"21";"gildas";"0";"46";"0";"0"
"weapons";"1032755093";"gildas";"11";"22";"gawain";"0";"37";"0";"0"
"weapons";"3687190854";"gildas";"13";"25";"gildas";"0";"11";"0";"0"
"weapons";"2046659319";"gildas";"18";"36";"gawain";"0";"32";"0";"0"
"weapons";"406127784";"gildas";"10";"20";"gawain";"0";"38";"0";"0"
"weapons";"3060563545";"gildas";"9";"18";"gawain";"0";"20";"0";"0"
"weapons";"1420032010";"gildas";"9";"18";"gawain";"0";"42";"0";"0"
"weapons";"4074467771";"gildas";"11";"21";"gildas";"0";"25";"0";"0"
"weapons";"2433936236";"gildas";"12";"23";"gildas";"0";"50";"0";"0"
"weapons";"793404701";"gildas";"17";"33";"gildas";"0";"29";"0";"0"
"weapons";"3447840462";"gildas";"13";"25";"gildas";"0";"23";"0";"0"
"weapons";"1807308927";"gildas";"14";"27";"gildas";"0";"42";"0";"0"
"weapons";"166777392";"gildas";"12";"24";"gawain";"0";"61";"0";"0"
"weapons";"2821213153";"gildas";"15";"30";"gawain";"0";"40";"0";"0"
"weapons";"1180681618";"gildas";"6";"11";"gildas";"0";"65";"0";"0"
"weapons";"3835117379";"gildas";"13";"25";"gildas";"0";"51";"0";"0"
"techniques";"10609178";"gildas";"2";"4";"gawain";"0";"47";"0";"0"
"techniques";"2665044939";"gildas";"4";"7";"gildas";"0";"37";"0";"0"
"techniques";"1024513404";"gildas";"3";"6";"gawain";"0";"42";"0";"0"
"techniques";"3678949165";"gildas";"6";"12";"gawain";"0";"21";"0";"0"
"techniques";"2038417630";"gildas";"4";"7";"gildas";"0";"49";"0";"0"
"techniques";"397886095";"gildas";"3";"5";"gildas";"0";"52";"0";"0"
"techniques";"3052321856";"gildas";"4";"7";"gildas";"0";"31";"0";"0"
"techniques";"1411790321";"gildas";"3";"6";"gawain";"0";"27";"0";"0"
"techniques";"4066226082";"gildas";"5";"9";"gildas";"0";"47";"0";"0"
"techniques";"2425694547";"gildas";"4";"8";"gawain";"0";"32";"0";"0"
"techniques";"785163012";"gildas";"5";"9";"gildas";"0";"49";"0";"0"
"techniques";"3439598773";"gildas";"3";"6";"gawain";"0";"40";"0";"0"
"techniques";"1799067238";"gildas";"4";"8";"gawain";"0";"44";"0";"0"
"techniques";"158535703";"gildas";"3";"6";"gawain";"0";"31";"0";"0"
"techniques";"2812971464";"gildas";"4";"7";"gildas";"0";"40";"0";"0"
"techniques";"1172439929";"gildas";"4";"8";"gawain";"0";"50";"0";"0"
"techniques";"3826875690";"gildas";"5";"9";"gildas";"0";"47";"0";"0"
"techniques";"2186344155";"gildas";"4";"7";"gildas";"0";"37";"0";"0"
"techniques";"545812620";"gildas";"4";"8";"gawain";"0";"33";"0";"0"
"techniques";"3200248381";"gildas";"4";"7";"gildas";"0";"49";"0";"0"
"techniques";"1559716846";"gildas";"3";"6";"gawain";"0";"34";"0";"0"
"techniques";"4214152607";"gildas";"4";"7";"gildas";"0";"41";"0";"0"
"techniques";"2573621072";"gildas";"4";"7";"gildas";"0";"39";"0";"0"
"techniques";"933089537";"gildas";"5";"9";"gildas";"0";"25";"0";"0"
"techniques";"3587525298";"gildas";"6";"12";"gawain";"0";"32";"0";"0"
"techniques";"1946993763";"gildas";"6";"11";"gildas";"0";"5";"0";"0"
"techniques";"306462228";"gildas";"5";"10";"gawain";"0";"49";"0";"0"
"techniques";"2960897989";"gildas";"3";"6";"gawain";"0";"42";"0";"0"
"techniques";"1320366454";"gildas";"3";"5";"gildas";"0";"65";"0";"0"
"techniques";"3974802215";"gildas";"3";"6";"gawain";"0";"25";"0";"0"
"techniques";"2334270680";"gildas";"4";"8";"gawain";"0";"31";"0";"0"
"techniques";"693739145";"gildas";"3";"5";"gildas";"0";"35";"0";"0"
"techniques";"3348174906";"gildas";"4";"7";"gildas";"0";"16";"0";"0"
"techniques";"1707643371";"gildas";"3";"6";"gawain";"0";"27";"0";"0"
"techniques";"67111836";"gildas";"4";"8";"gawain";"0";"27";"0";"0"
"techniques";"2721547597";"gildas";"5";"9";"gildas";"0";"30";"0";"0"
"techniques";"1081016062";"gildas";"3";"6";"gawain";"0";"43";"0";"0"
"techniques";"3735451823";"gildas";"4";"7";"gildas";"0";"36";"0";"0"
"techniques";"2094920288";"gildas";"4";"7";"gildas";"0";"47";"0";"0"
"techniques";"454388753";"gildas";"4";"8";"gawain";"0";"21";"0";"0"
"techniques";"3108824514";"gildas";"5";"9";"gildas";"0";"28";"0";"0"
"techniques";"1468292979";"gildas";"6";"12";"gawain";"0";"31";"0";"0"
"techniques";"4122728740";"gildas";"4";"8";"gawain";"0";"30";"0";"0"
"techniques";"2482197205";"gildas";"4";"7";"gildas";"0";"41";"0";"0"
"techniques";"841665670";"gildas";"5";"9";"gildas";"0";"34";"0";"0"
"techniques";"3496101431";"gildas";"4";"7";"gildas";"0";"42";"0";"0"
"techniques";"1855569896";"gildas";"3";"5";"gildas";"0";"50";"0";"0"
"techniques";"215038361";"gildas";"4";"7";"gildas";"0";"46";"0";"0"
"techniques";"2869474122";"gildas";"4";"7";"gildas";"0";"32";"0";"0"
"techniques";"1228942587";"gildas";"4";"8";"gawain";"0";"36";"0";"0"
"techniques";"3883378348";"gildas";"5";"10";"gawain";"0";"32";"0";"0"
"techniques";"2242846813";"gildas";"5";"10";"gawain";"0";"45";"0";"0"
"techniques";"602315278";"gildas";"3";"5";"gildas";"0";"56";"0";"0"
"techniques";"3256751039";"gildas";"4";"8";"gawain";"0";"55";"0";"0"
"techniques";"1616219504";"gildas";"2";"4";"gawain";"0";"62";"0";"0"
"techniques";"4270655265";"gildas";"3";"5";"gildas";"0";"52";"0";"0"
"techniques";"2630123730";"gildas";"4";"8";"gawain";"0";"12";"0";"0"
"techniques";"989592195";"gildas";"4";"8";"gawain";"0";"14";"0";"0"
"techniques";"3644027956";"gildas";"4";"8";"gawain";"0";"41";"0";"0"
"techniques";"2003496421";"gildas";"4";"7";"gildas";"0";"55";"0";"0"
"techniques";"362964886";"gildas";"3";"5";"gildas";"0";"60";"0";"0"
"techniques";"3017400647";"gildas";"6";"12";"gawain";"0";"22";"0";"0"
"techniques";"1376869112";"gildas";"4";"8";"gawain";"0";"43";"0";"0"
"techniques";"4031304873";"gildas";"4";"7";"gildas";"0";"46";"0";"0"
"techniques";"2390773338";"gildas";"4";"7";"gildas";"0";"37";"0";"0"
"techniques";"750241803";"gildas";"3";"6";"gawain";"0";"52";"0";"0"
"techniques";"3404677564";"gildas";"7";"13";"gildas";"0";"38";"0";"0"
"techniques";"1764146029";"gildas";"6";"12";"gawain";"0";"33";"0";"0"
"techniques";"123614494";"gildas";"5";"10";"gawain";"0";"28";"0";"0"
"techniques";"2778050255";"gildas";"5";"10";"gawain";"0";"21";"0";"0"
"techniques";"1137518720";"gildas";"3";"6";"gawain";"0";"56";"0";"0"
"techniques";"3791954481";"gildas";"3";"6";"gawain";"0";"62";"0";"0"
"techniques";"2151422946";"gildas";"4";"7";"gildas";"0";"48";"0";"0"
"techniques";"510891411";"gildas";"4";"8";"gawain";"0";"21";"0";"0"
"techniques";"3165327172";"gildas";"3";"5";"gildas";"0";"48";"0";"0"
"techniques";"1524795637";"gildas";"5";"10";"gawain";"0";"27";"0";"0"
"techniques";"4179231398";"gildas";"3";"6";"gawain";"0";"57";"0";"0"
"techniques";"2538699863";"gildas";"4";"7";"gildas";"0";"51";"0";"0"
"techniques";"898168328";"gildas";"3";"6";"gawain";"0";"49";"0";"0"
"techniques";"3552604089";"gildas";"5";"10";"gawain";"0";"43";"0";"0"
"techniques";"1912072554";"gildas";"3";"6";"gawain";"0";"56";"0";"0"
"techniques";"271541019";"gildas";"5";"10";"gawain";"0";"30";"0";"0"
"techniques";"2925976780";"gildas";"3";"5";"gildas";"0";"65";"0";"0"
"techniques";"1285445245";"gildas";"6";"11";"gildas";"0";"36";"0";"0"
"techniques";"3939881006";"gildas";"4";"7";"gildas";"0";"29";"0";"0"
"techniques";"2299349471";"gildas";"5";"9";"gildas";"0";"33";"0";"0"
"techniques";"658817936";"gildas";"4";"8";"gawain";"0";"43";"0";"0"
"techniques";"3313253697";"gildas";"4";"7";"gildas";"0";"50";"0";"0"
"techniques";"1672722162";"gildas";"3";"6";"gawain";"0";"25";"0";"0"
"techniques";"32190627";"gildas";"5";"9";"gildas";"0";"42";"0";"0"
"techniques";"2686626388";"gildas";"4";"7";"gildas";"0";"26";"0";"0"
"techniques";"1046094853";"gildas";"4";"8";"gawain";"0";"41";"0";"0"
"techniques";"3700530614";"gildas";"3";"6";"gawain";"0";"25";"0";"0"
"techniques";"2059999079";"gildas";"5";"9";"gildas";"0";"17";"0";"0"
"techniques";"419467544";"gildas";"3";"5";"gildas";"0";"45";"0";"0"
"techniques";"3073903305";"gildas";"3";"5";"gildas";"0";"51";"0";"0"
"techniques";"1433371770";"gildas";"4";"7";"gildas";"0";"52";"0";"0"
"techniques";"4087807531";"gildas";"4";"7";"gildas";"0";"50";"0";"0"
"techniques";"2447275996";"gildas";"6";"11";"gildas";"0";"13";"0";"0"
"techniques";"806744461";"gildas";"4";"8";"gawain";"0";"54";"0";"0"
"techniques";"3461180222";"gildas";"3";"5";"gildas";"0";"41";"0";"0"
"techniques";"1820648687";"gildas";"5";"10";"gawain";"0";"4";"0";"0"
"techniques";"180117152";"gildas";"5";"10";"gawain";"0";"22";"0";"0"
"techniques";"2834552913";"gawain";"7";"13";"gawain";"2";"0";"0";"0"
"techniques";"1194021378";"gildas";"3";"5";"gildas";"0";"49";"0";"0"
"techniques";"3848457139";"gildas";"4";"7";"gildas";"0";"55";"0";"0"
"techniques";"2207925604";"gildas";"4";"7";"gildas";"0";"28";"0";"0"
"techniques";"567394069";"gildas";"4";"7";"gildas";"0";"40";"0";"0"
"techniques";"3221829830";"gildas";"3";"6";"gawain";"0";"34";"0";"0"
"techniques";"1581298295";"gildas";"5";"10";"gawain";"0";"31";"0";"0"
"techniques";"4235734056";"gildas";"8";"16";"gawain";"0";"9";"0";"0"
"techniques";"2595202521";"gildas";"5";"9";"gildas";"0";"54";"0";"0"
"techniques";"954670986";"gildas";"3";"5";"gildas";"0";"58";"0";"0"
"techniques";"3609106747";"gildas";"4";"8";"gawain";"0";"44";"0";"0"
"techniques";"1968575212";"gildas";"4";"7";"gildas";"0";"20";"0";"0"
"techniques";"328043677";"gildas";"2";"3";"gildas";"0";"55";"0";"0"
"techniques";"2982479438";"gildas";"4";"7";"gildas";"0";"52";"0";"0"
"techniques";"1341947903";"gildas";"6";"11";"gildas";"0";"22";"0";"0"
"techniques";"3996383664";"gildas";"3";"6";"gawain";"0";"51";"0";"0"
"techniques";"2355852129";"gildas";"4";"8";"gawain";"0";"29";"0";"0"
"techniques";"715320594";"gildas";"4";"7";"gildas";"0";"51";"0";"0"
"techniques";"3369756355";"gildas";"4";"7";"gildas";"0";"43";"0";"0"
"techniques";"1729224820";"gildas";"5";"10";"gawain";"0";"36";"0";"0"
"techniques";"88693285";"gildas";"4";"8";"gawain";"0";"52";"0";"0"
"techniques";"2743129046";"gildas";"4";"7";"gildas";"0";"33";"0";"0"
"techniques";"1102597511";"gildas";"4";"8";"gawain";"0";"55";"0";"0"
"techniques";"3757033272";"gildas";"4";"7";"gildas";"0";"47";"0";"0"
"techniques";"2116501737";"gildas";"3";"6";"gawain";"0";"40";"0";"0"
"techniques";"475970202";"gildas";"3";"5";"gildas";"0";"59";"0";"0"
"techniques";"3130405963";"gildas";"4";"8";"gawain";"0";"22";"0";"0"
"techniques";"1489874428";"gildas";"3";"5";"gildas";"0";"57";"0";"0"
"techniques";"4144310189";"gildas";"3";"6";"gawain";"0";"46";"0";"0"
"techniques";"2503778654";"gildas";"3";"5";"gildas";"0";"43";"0";"0"
"techniques";"863247119";"gildas";"4";"8";"gawain";"0";"34";"0";"0"
"techniques";"3517682880";"gildas";"3";"5";"gildas";"0";"57";"0";"0"
"techniques";"1877151345";"gildas";"4";"8";"gawain";"0";"54";"0";"0"
"techniques";"236619810";"gildas";"4";"8";"gawain";"0";"21";"0";"0"
"techniques";"2891055571";"gildas";"5";"9";"gildas";"0";"39";"0";"0"
"techniques";"1250524036";"gildas";"5";"9";"gildas";"0";"55";"0";"0"
"techniques";"3904959797";"gildas";"5";"9";"gildas";"0";"31";"0";"0"
"techniques";"2264428262";"gildas";"4";"7";"gildas";"0";"44";"0";"0"
"techniques";"623896727";"gildas";"3";"6";"gawain";"0";"35";"0";"0"
"techniques";"3278332488";"gildas";"4";"8";"gawain";"0";"23";"0";"0"
"techniques";"1637800953";"gildas";"3";"5";"gildas";"0";"56";"0";"0"
"techniques";"4292236714";"gildas";"5";"10";"gawain";"0";"35";"0";"0"
"techniques";"2651705179";"gildas";"4";"7";"gildas";"0";"56";"0";"0"
"techniques";"1011173644";"gildas";"3";"5";"gildas";"0";"57";"0";"0"
"techniques";"3665609405";"gildas";"5";"9";"gildas";"0";"29";"0";"0"
"techniques";"2025077870";"gildas";"4";"8";"gawain";"0";"62";"0";"0"
"techniques";"384546335";"gildas";"4";"8";"gawain";"0";"31";"0";"0"
"techniques";"3038982096";"gildas";"4";"7";"gildas";"0";"30";"0";"0"
"techniques";"1398450561";"gildas";"5";"9";"gildas";"0";"55";"0";"0"
"techniques";"4052886322";"gildas";"7";"14";"gawain";"0";"25";"0";"0"
"techniques";"2412354787";"gildas";"4";"8";"gawain";"0";"50";"0";"0"
"techniques";"771823252";"gildas";"6";"12";"gawain";"0";"26";"0";"0"
"techniques";"3426259013";"gildas";"6";"11";"gildas";"0";"37";"0";"0"
"techniques";"1785727478";"gildas";"3";"5";"gildas";"0";"53";"0";"0"
"techniques";"145195943";"gildas";"5";"9";"gildas";"0";"43";"0";"0"
"techniques";"2799631704";"gildas";"3";"5";"gildas";"0";"50";"0";"0"
"techniques";"1159100169";"gildas";"3";"5";"gildas";"0";"55";"0";"0"
"techniques";"3813535930";"gildas";"3";"6";"gawain";"0";"48";"0";"0"
"techniques";"2173004395";"gildas";"4";"8";"gawain";"0";"32";"0";"0"
"techniques";"532472860";"gildas";"3";"5";"gildas";"0";"60";"0";"0"
"techniques";"3186908621";"gildas";"3";"6";"gawain";"0";"49";"0";"0"
"techniques";"1546377086";"gildas";"6";"11";"gildas";"0";"33";"0";"0"
"techniques";"4200812847";"gildas";"3";"5";"gildas";"0";"52";"0";"0"
"techniques";"2560281312";"gildas";"4";"8";"gawain";"0";"57";"0";"0"
"techniques";"919749777";"gildas";"6";"12";"gawain";"0";"12";"0";"0"
"techniques";"3574185538";"gildas";"4";"7";"gildas";"0";"60";"0";"0"
"techniques";"1933654003";"gildas";"4";"7";"gildas";"0";"53";"0";"0"
"techniques";"293122468";"gildas";"6";"11";"gildas";"0";"47";"0";"0"
"techniques";"2947558229";"gildas";"4";"7";"gildas";"0";"57";"0";"0"
"techniques";"1307026694";"gildas";"3";"6";"gawain";"0";"44";"0";"0"
"techniques";"3961462455";"gildas";"5";"9";"gildas";"0";"46";"0";"0"
"techniques";"2320930920";"gildas";"3";"6";"gawain";"0";"53";"0";"0"
"techniques";"680399385";"gildas";"5";"10";"gawain";"0";"37";"0";"0"
"techniques";"3334835146";"gildas";"5";"10";"gawain";"0";"38";"0";"0"
"techniques";"1694303611";"gildas";"4";"7";"gildas";"0";"41";"0";"0"
"techniques";"53772076";"gildas";"3";"5";"gildas";"0";"57";"0";"0"
"techniques";"2708207837";"gildas";"4";"7";"gildas";"0";"32";"0";"0"
"techniques";"1067676302";"gildas";"5";"10";"gawain";"0";"35";"0";"0"
"techniques";"3722112063";"gildas";"4";"7";"gildas";"0";"23";"0";"0"
"techniques";"2081580528";"gildas";"8";"15";"gildas";"0";"30";"0";"0"
"techniques";"441048993";"gildas";"5";"10";"gawain";"0";"34";"0";"0"
"techniques";"3095484754";"gildas";"4";"7";"gildas";"0";"54";"0";"0"
"techniques";"1454953219";"gildas";"4";"8";"gawain";"0";"43";"0";"0"
"techniques";"4109388980";"gildas";"4";"8";"gawain";"0";"37";"0";"0"
"techniques";"2468857445";"gildas";"4";"7";"gildas";"0";"49";"0";"0"
"techniques";"828325910";"gildas";"3";"6";"gawain";"0";"54";"0";"0"
"techniques";"3482761671";"gildas";"4";"8";"gawain";"0";"40";"0";"0"
"techniques";"1842230136";"gildas";"3";"6";"gawain";"0";"38";"0";"0"
"techniques";"201698601";"gildas";"4";"8";"gawain";"0";"15";"0";"0"
"techniques";"2856134362";"gildas";"4";"7";"gildas";"0";"51";"0";"0"
"techniques";"1215602827";"gildas";"9";"18";"gawain";"0";"9";"0";"0"
"techniques";"3870038588";"gildas";"5";"9";"gildas";"0";"24";"0";"0"
"techniques";"2229507053";"gildas";"5";"9";"gildas";"0";"57";"0";"0"
"techniques";"588975518";"gildas";"5";"10";"gawain";"0";"12";"0";"0"
"techniques";"3243411279";"gildas";"5";"10";"gawain";"0";"48";"0";"0"
"techniques";"1602879744";"gildas";"3";"6";"gawain";"0";"33";"0";"0"
"techniques";"4257315505";"gildas";"5";"10";"gawain";"0";"32";"0";"0"
"techniques";"2616783970";"gildas";"7";"13";"gildas";"0";"12";"0";"0"
"techniques";"976252435";"gildas";"4";"8";"gawain";"0";"25";"0";"0"
"techniques";"3630688196";"gildas";"4";"7";"gildas";"0";"36";"0";"0"
"techniques";"1990156661";"gildas";"3";"6";"gawain";"0";"47";"0";"0"
"techniques";"349625126";"gildas";"3";"5";"gildas";"0";"59";"0";"0"
"techniques";"3004060887";"gildas";"5";"10";"gawain";"0";"39";"0";"0"
"techniques";"1363529352";"gildas";"3";"6";"gawain";"0";"39";"0";"0"
"techniques";"4017965113";"gildas";"3";"6";"gawain";"0";"52";"0";"0"
"techniques";"2377433578";"gildas";"3";"6";"gawain";"0";"51";"0";"0"
"techniques";"736902043";"gildas";"3";"6";"gawain";"0";"27";"0";"0"
"techniques";"3391337804";"gildas";"4";"7";"gildas";"0";"47";"0";"0"
"techniques";"1750806269";"gildas";"4";"8";"gawain";"0";"45";"0";"0"
"techniques";"110274734";"gildas";"3";"5";"gildas";"0";"35";"0";"0"
"techniques";"2764710495";"gildas";"3";"6";"gawain";"0";"36";"0";"0"
"techniques";"1124178960";"gildas";"5";"10";"gawain";"0";"44";"0";"0"
"techniques";"3778614721";"gildas";"7";"13";"gildas";"0";"45";"0";"0"
"techniques";"2138083186";"gildas";"4";"7";"gildas";"0";"46";"0";"0"
"techniques";"497551651";"gildas";"6";"12";"gawain";"0";"4";"0";"0"
"techniques";"3151987412";"gildas";"4";"8";"gawain";"0";"29";"0";"0"
"techniques";"1511455877";"gildas";"5";"9";"gildas";"0";"28";"0";"0"
"techniques";"4165891638";"gildas";"5";"10";"gawain";"0";"26";"0";"0"
"techniques";"2525360103";"gildas";"3";"5";"gildas";"0";"62";"0";"0"
"techniques";"884828568";"gildas";"2";"4";"gawain";"0";"47";"0";"0"
"techniques";"3539264329";"gildas";"4";"8";"gawain";"0";"59";"0";"0"
"techniques";"1898732794";"gildas";"3";"5";"gildas";"0";"45";"0";"0"
"techniques";"258201259";"gildas";"6";"11";"gildas";"0";"42";"0";"0"
"techniques";"2912637020";"gildas";"4";"7";"gildas";"0";"49";"0";"0"
"techniques";"1272105485";"gildas";"7";"14";"gawain";"0";"12";"0";"0"
"techniques";"3926541246";"gildas";"4";"7";"gildas";"0";"59";"0";"0"
"techniques";"2286009711";"gildas";"4";"8";"gawain";"0";"55";"0";"0"
"techniques";"645478176";"gildas";"5";"10";"gawain";"0";"18";"0";"0"
"techniques";"3299913937";"gildas";"3";"5";"gildas";"0";"54";"0";"0"
"techniques";"1659382402";"gildas";"4";"8";"gawain";"0";"37";"0";"0"
"techniques";"18850867";"gildas";"5";"9";"gildas";"0";"50";"0";"0"
"techniques";"2673286628";"gildas";"4";"7";"gildas";"0";"33";"0";"0"
"techniques";"1032755093";"gildas";"4";"8";"gawain";"0";"55";"0";"0"
"techniques";"3687190854";"gildas";"4";"7";"gildas";"0";"28";"0";"0"
"techniques";"2046659319";"gildas";"6";"12";"gawain";"0";"43";"0";"0"
"techniques";"406127784";"gildas";"3";"6";"gawain";"0";"55";"0";"0"
"techniques";"3060563545";"gildas";"3";"6";"gawain";"0";"56";"0";"0"
"techniques";"1420032010";"gildas";"5";"10";"gawain";"0";"24";"0";"0"
"techniques";"4074467771";"gildas";"4";"7";"gildas";"0";"28";"0";"0"
"techniques";"2433936236";"gildas";"3";"5";"gildas";"0";"60";"0";"0"
"techniques";"793404701";"gildas";"5";"9";"gildas";"0";"46";"0";"0"
"techniques";"3447840462";"gildas";"3";"5";"gildas";"0";"44";"0";"0"
"techniques";"1807308927";"gildas";"4";"7";"gildas";"0";"48";"0";"0"
"techniques";"166777392";"gildas";"5";"10";"gawain";"0";"39";"0";"0"
"techniques";"2821213153";"gildas";"5";"10";"gawain";"0";"46";"0";"0"
"techniques";"1180681618";"gildas";"3";"5";"gildas";"0";"48";"0";"0"
"techniques";"3835117379";"gildas";"5";"9";"gildas";"0";"41";"0";"0"
"modifiers";"10609178";"gildas";"5";"10";"gawain";"0";"5";"0";"0"
"modifiers";"2665044939";"gildas";"4";"7";"gildas";"0";"62";"0";"0"
"modifiers";"1024513404";"gildas";"7";"14";"gawain";"0";"11";"0";"0"
"modifiers";"3678949165";"gildas";"5";"10";"gawain";"0";"44";"0";"0"
"modifiers";"2038417630";"gildas";"4";"7";"gildas";"0";"53";"0";"0"
"modifiers";"397886095";"gildas";"6";"11";"gildas";"0";"49";"0";"0"
"modifiers";"3052321856";"gildas";"5";"9";"gildas";"0";"56";"0";"0"
"modifiers";"1411790321";"gildas";"3";"6";"gawain";"0";"47";"0";"0"
"modifiers";"4066226082";"gildas";"6";"11";"gildas";"0";"50";"0";"0"
"modifiers";"2425694547";"gildas";"5";"10";"gawain";"0";"62";"0";"0"
"modifiers";"785163012";"gildas";"6";"11";"gildas";"0";"43";"0";"0"
"modifiers";"3439598773";"gildas";"4";"8";"gawain";"0";"30";"0";"0"
"modifiers";"1799067238";"gildas";"6";"12";"gawain";"0";"18";"0";"0"
"modifiers";"158535703";"gildas";"4";"8";"gawain";"0";"23";"0";"0"
"modifiers";"2812971464";"gildas";"6";"11";"gildas";"0";"52";"0";"0"
"modifiers";"1172439929";"gildas";"6";"12";"gawain";"0";"14";"0";"0"
"modifiers";"3826875690";"gildas";"5";"9";"gildas";"0";"39";"0";"0"
"modifiers";"2186344155";"gildas";"6";"11";"gildas";"0";"56";"0";"0"
"modifiers";"545812620";"gildas";"5";"10";"gawain";"0";"47";"0";"0"
"modifiers";"3200248381";"gildas";"4";"7";"gildas";"0";"49";"0";"0"
"modifiers";"1559716846";"gildas";"5";"10";"gawain";"0";"41";"0";"0"
"modifiers";"4214152607";"gildas";"4";"7";"gildas";"0";"40";"0";"0"
"modifiers";"2573621072";"gildas";"5";"9";"gildas";"0";"54";"0";"0"
"modifiers";"933089537";"gildas";"5";"9";"gildas";"0";"32";"0";"0"
"modifiers";"3587525298";"gildas";"5";"10";"gawain";"0";"31";"0";"0"
"modifiers";"1946993763";"gildas";"5";"9";"gildas";"0";"57";"0";"0"
"modifiers";"306462228";"gildas";"6";"12";"gawain";"0";"61";"0";"0"
"modifiers";"2960897989";"gildas";"6";"12";"gawain";"0";"44";"0";"0"
"modifiers";"1320366454";"gildas";"5";"9";"gildas";"0";"54";"0";"0"
"modifiers";"3974802215";"gildas";"4";"8";"gawain";"0";"30";"0";"0"
"modifiers";"2334270680";"gildas";"5";"10";"gawain";"0";"42";"0";"0"
"modifiers";"693739145";"gildas";"3";"5";"gildas";"0";"54";"0";"0"
"modifiers";"3348174906";"gildas";"3";"5";"gildas";"0";"60";"0";"0"
"modifiers";"1707643371";"gildas";"5";"10";"gawain";"0";"36";"0";"0"
"modifiers";"67111836";"gildas";"4";"8";"gawain";"0";"42";"0";"0"
"modifiers";"2721547597";"gildas";"5";"9";"gildas";"0";"36";"0";"0"
"modifiers";"1081016062";"gildas";"7";"14";"gawain";"0";"26";"0";"0"
"modifiers";"3735451823";"gildas";"4";"7";"gildas";"0";"53";"0";"0"
"modifiers";"2094920288";"gildas";"7";"13";"gildas";"0";"36";"0";"0"
"modifiers";"454388753";"gildas";"5";"10";"gawain";"0";"23";"0";"0"
"modifiers";"3108824514";"gildas";"5";"9";"gildas";"0";"32";"0";"0"
"modifiers";"1468292979";"gildas";"5";"10";"gawain";"0";"61";"0";"0"
"modifiers";"4122728740";"gildas";"6";"12";"gawain";"0";"20";"0";"0"
"modifiers";"2482197205";"gildas";"3";"5";"gildas";"0";"65";"0";"0"
"modifiers";"841665670";"gildas";"7";"13";"gildas";"0";"20";"0";"0"
"modifiers";"3496101431";"gildas";"8";"15";"gildas";"0";"31";"0";"0"
"modifiers";"1855569896";"gildas";"5";"9";"gildas";"0";"36";"0";"0"
"modifiers";"215038361";"gildas";"6";"11";"gildas";"0";"38";"0";"0"
"modifiers";"2869474122";"gildas";"6";"11";"gildas";"0";"32";"0";"0"
"modifiers";"1228942587";"gildas";"5";"10";"gawain";"0";"43";"0";"0"
"modifiers";"3883378348";"gildas";"6";"12";"gawain";"0";"37";"0";"0"
"modifiers";"2242846813";"gildas";"5";"10";"gawain";"0";"53";"0";"0"
"modifiers";"602315278";"gildas";"3";"5";"gildas";"0";"50";"0";"0"
"modifiers";"3256751039";"gildas";"7";"14";"gawain";"0";"48";"0";"0"
"modifiers";"1616219504";"gildas";"7";"14";"gawain";"0";"41";"0";"0"
"modifiers";"4270655265";"gildas";"4";"7";"gildas";"0";"52";"0";"0"
"modifiers";"2630123730";"gildas";"3";"6";"gawain";"0";"34";"0";"0"
"modifiers";"989592195";"gildas";"4";"8";"gawain";"0";"42";"0";"0"
"modifiers";"3644027956";"gildas";"3";"6";"gawain";"0";"61";"0";"0"
"modifiers";"2003496421";"gildas";"7";"13";"gildas";"0";"40";"0";"0"
"modifiers";"362964886";"gildas";"6";"11";"gildas";"0";"40";"0";"0"
"modifiers";"3017400647";"gildas";"5";"10";"gawain";"0";"48";"0";"0"
"modifiers";"1376869112";"gildas";"6";"12";"gawain";"0";"48";"0";"0"
"modifiers";"4031304873";"gildas";"5";"9";"gildas";"0";"47";"0";"0"
"modifiers";"2390773338";"gildas";"6";"11";"gildas";"0";"49";"0";"0"
"modifiers";"750241803";"gildas";"4";"8";"gawain";"0";"57";"0";"0"
"modifiers";"3404677564";"gildas";"8";"15";"gildas";"0";"50";"0";"0"
"modifiers";"1764146029";"gildas";"9";"18";"gawain";"0";"14";"0";"0"
"modifiers";"123614494";"gildas";"4";"8";"gawain";"0";"42";"0";"0"
"modifiers";"2778050255";"gildas";"6";"12";"gawain";"0";"56";"0";"0"
"modifiers";"1137518720";"gildas";"6";"12";"gawain";"0";"59";"0";"0"
"modifiers";"3791954481";"gildas";"6";"12";"gawain";"0";"34";"0";"0"
"modifiers";"2151422946";"gildas";"4";"7";"gildas";"0";"53";"0";"0"
"modifiers";"510891411";"gildas";"6";"12";"gawain";"0";"15";"0";"0"
"modifiers";"3165327172";"gildas";"6";"11";"gildas";"0";"36";"0";"0"
"modifiers";"1524795637";"gildas";"6";"12";"gawain";"0";"44";"0";"0"
"modifiers";"4179231398";"gildas";"4";"8";"gawain";"0";"43";"0";"0"
"modifiers";"2538699863";"gildas";"5";"9";"gildas";"0";"35";"0";"0"
"modifiers";"898168328";"gildas";"6";"12";"gawain";"0";"45";"0";"0"
"modifiers";"3552604089";"gildas";"8";"16";"gawain";"0";"22";"0";"0"
"modifiers";"1912072554";"gildas";"6";"12";"gawain";"0";"7";"0";"0"
"modifiers";"271541019";"gildas";"6";"12";"gawain";"0";"25";"0";"0"
"modifiers";"2925976780";"gildas";"5";"9";"gildas";"0";"52";"0";"0"
"modifiers";"1285445245";"gildas";"8";"15";"gildas";"0";"32";"0";"0"
"modifiers";"3939881006";"gildas";"4";"7";"gildas";"0";"55";"0";"0"
"modifiers";"2299349471";"gildas";"4";"7";"gildas";"0";"61";"0";"0"
"modifiers";"658817936";"gildas";"6";"12";"gawain";"0";"31";"0";"0"
"modifiers";"3313253697";"gildas";"6";"11";"gildas";"0";"52";"0";"0"
"modifiers";"1672722162";"gildas";"3";"6";"gawain";"0";"60";"0";"0"
"modifiers";"32190627";"gildas";"5";"9";"gildas";"0";"52";"0";"0"
"modifiers";"2686626388";"gildas";"4";"7";"gildas";"0";"54";"0";"0"
"modifiers";"1046094853";"gildas";"3";"6";"gawain";"0";"57";"0";"0"
"modifiers";"3700530614";"gildas";"7";"14";"gawain";"0";"42";"0";"0"
"modifiers";"2059999079";"gildas";"5";"9";"gildas";"0";"54";"0";"0"
"modifiers";"419467544";"gildas";"5";"9";"gildas";"0";"62";"0";"0"
"modifiers";"3073903305";"gildas";"4";"7";"gildas";"0";"50";"0";"0"
"modifiers";"1433371770";"gildas";"9";"17";"gildas";"0";"25";"0";"0"
"modifiers";"4087807531";"gildas";"6";"11";"gildas";"0";"52";"0";"0"
"modifiers";"2447275996";"gildas";"6";"11";"gildas";"0";"52";"0";"0"
"modifiers";"806744461";"gildas";"10";"20";"gawain";"0";"5";"0";"0"
"modifiers";"3461180222";"gildas";"4";"7";"gildas";"0";"35";"0";"0"
"modifiers";"1820648687";"gildas";"6";"12";"gawain";"0";"8";"0";"0"
"modifiers";"180117152";"gildas";"4";"8";"gawain";"0";"65";"0";"0"
"modifiers";"2834552913";"gildas";"5";"10";"gawain";"0";"35";"0";"0"
"modifiers";"1194021378";"gildas";"8";"15";"gildas";"0";"30";"0";"0"
"modifiers";"3848457139";"gildas";"7";"13";"gildas";"0";"29";"0";"0"
"modifiers";"2207925604";"gildas";"3";"5";"gildas";"0";"60";"0";"0"
"modifiers";"567394069";"gildas";"6";"11";"gildas";"0";"47";"0";"0"
"modifiers";"3221829830";"gildas";"3";"6";"gawain";"0";"51";"0";"0"
"modifiers";"1581298295";"gildas";"4";"8";"gawain";"0";"49";"0";"0"
"modifiers";"4235734056";"gildas";"6";"12";"gawain";"0";"55";"0";"0"
"modifiers";"2595202521";"gildas";"8";"15";"gildas";"0";"25";"0";"0"
"modifiers";"954670986";"gildas";"4";"7";"gildas";"0";"58";"0";"0"
"modifiers";"3609106747";"gildas";"5";"10";"gawain";"0";"47";"0";"0"
"modifiers";"1968575212";"gildas";"6";"11";"gildas";"0";"39";"0";"0"
"modifiers";"328043677";"gildas";"3";"5";"gildas";"0";"55";"0";"0"
"modifiers";"2982479438";"gildas";"5";"9";"gildas";"0";"48";"0";"0"
"modifiers";"1341947903";"gildas";"7";"13";"gildas";"0";"41";"0";"0"
"modifiers";"3996383664";"gildas";"4";"8";"gawain";"0";"39";"0";"0"
"modifiers";"2355852129";"gildas";"5";"10";"gawain";"0";"41";"0";"0"
"modifiers";"715320594";"gildas";"4";"7";"gildas";"0";"57";"0";"0"
"modifiers";"3369756355";"gildas";"4";"7";"gildas";"0";"65";"0";"0"
"modifiers";"1729224820";"gildas";"9";"18";"gawain";"0";"25";"0";"0"
"modifiers";"88693285";"gildas";"6";"12";"gawain";"0";"38";"0";"0"
"modifiers";"2743129046";"gildas";"4";"7";"gildas";"0";"56";"0";"0"
"modifiers";"1102597511";"gildas";"7";"14";"gawain";"0";"44";"0";"0"
"modifiers";"3757033272";"gildas";"5";"9";"gildas";"0";"40";"0";"0"
"modifiers";"2116501737";"gildas";"5";"10";"gawain";"0";"39";"0";"0"
"modifiers";"475970202";"gildas";"6";"11";"gildas";"0";"37";"0";"0"
"modifiers";"3130405963";"gildas";"6";"12";"gawain";"0";"33";"0";"0"
"modifiers";"1489874428";"gildas";"4";"7";"gildas";"0";"65";"0";"0"
"modifiers";"4144310189";"gildas";"6";"12";"gawain";"0";"10";"0";"0"
"modifiers";"2503778654";"gildas";"5";"9";"gildas";"0";"46";"0";"0"
"modifiers";"863247119";"gildas";"6";"12";"gawain";"0";"35";"0";"0"
"modifiers";"3517682880";"gildas";"4";"7";"gildas";"0";"53";"0";"0"
"modifiers";"1877151345";"gildas";"7";"14";"gawain";"0";"36";"0";"0"
"modifiers";"236619810";"gildas";"3";"6";"gawain";"0";"65";"0";"0"
"modifiers";"2891055571";"gildas";"4";"7";"gildas";"0";"51";"0";"0"
"modifiers";"1250524036";"gildas";"4";"7";"gildas";"0";"53";"0";"0"
"modifiers";"3904959797";"gildas";"7";"13";"gildas";"0";"41";"0";"0"
"modifiers";"2264428262";"gildas";"7";"13";"gildas";"0";"28";"0";"0"
"modifiers";"623896727";"gildas";"7";"14";"gawain";"0";"19";"0";"0"
"modifiers";"3278332488";"gildas";"6";"12";"gawain";"0";"19";"0";"0"
"modifiers";"1637800953";"gildas";"5";"9";"gildas";"0";"56";"0";"0"
"modifiers";"4292236714";"gildas";"6";"12";"gawain";"0";"13";"0";"0"
"modifiers";"2651705179";"gildas";"4";"7";"gildas";"0";"53";"0";"0"
"modifiers";"1011173644";"gildas";"7";"13";"gildas";"0";"36";"0";"0"
"modifiers";"3665609405";"gildas";"5";"9";"gildas";"0";"56";"0";"0"
"modifiers";"2025077870";"gildas";"8";"16";"gawain";"0";"49";"0";"0"
"modifiers";"384546335";"gildas";"7";"14";"gawain";"0";"46";"0";"0"
"modifiers";"3038982096";"gildas";"4";"7";"gildas";"0";"61";"0";"0"
"modifiers";"1398450561";"gildas";"7";"13";"gildas";"0";"29";"0";"0"
"modifiers";"4052886322";"gildas";"6";"12";"gawain";"0";"52";"0";"0"
"modifiers";"2412354787";"gildas";"7";"14";"gawain";"0";"26";"0";"0"
"modifiers";"771823252";"gildas";"6";"12";"gawain";"0";"24";"0";"0"
"modifiers";"3426259013";"gildas";"7";"13";"gildas";"0";"34";"0";"0"
"modifiers";"1785727478";"gildas";"5";"9";"gildas";"0";"51";"0";"0"
"modifiers";"145195943";"gildas";"9";"17";"gildas";"0";"49";"0";"0"
"modifiers";"2799631704";"gildas";"6";"11";"gildas";"0";"19";"0";"0"
"modifiers";"1159100169";"gildas";"3";"5";"gildas";"0";"54";"0";"0"
"modifiers";"3813535930";"gildas";"9";"18";"gawain";"0";"21";"0";"0"
"modifiers";"2173004395";"gildas";"5";"10";"gawain";"0";"36";"0";"0"
"modifiers";"532472860";"gildas";"5";"9";"gildas";"0";"44";"0";"0"
"modifiers";"3186908621";"gildas";"4";"8";"gawain";"0";"53";"0";"0"
"modifiers";"1546377086";"gildas";"7";"13";"gildas";"0";"31";"0";"0"
"modifiers";"4200812847";"gildas";"6";"11";"gildas";"0";"50";"0";"0"
"modifiers";"2560281312";"gildas";"5";"10";"gawain";"0";"27";"0";"0"
"modifiers";"919749777";"gildas";"5";"10";"gawain";"0";"52";"0";"0"
"modifiers";"3574185538";"gildas";"8";"15";"gildas";"0";"17";"0";"0"
"modifiers";"1933654003";"gildas";"5";"9";"gildas";"0";"57";"0";"0"
"modifiers";"293122468";"gildas";"5";"9";"gildas";"0";"45";"0";"0"
"modifiers";"2947558229";"gildas";"6";"11";"gildas";"0";"34";"0";"0"
"modifiers";"1307026694";"gildas";"6";"12";"gawain";"0";"14";"0";"0"
"modifiers";"3961462455";"gildas";"9";"17";"gildas";"0";"19";"0";"0"
"modifiers";"2320930920";"gildas";"4";"8";"gawain";"0";"50";"0";"0"
"modifiers";"680399385";"gildas";"6";"12";"gawain";"0";"39";"0";"0"
"modifiers";"3334835146";"gildas";"5";"10";"gawain";"0";"50";"0";"0"
"modifiers";"1694303611";"gildas";"5";"9";"gildas";"0";"52";"0";"0"
"modifiers";"53772076";"gildas";"5";"9";"gildas";"0";"42";"0";"0"
"modifiers";"2708207837";"gildas";"6";"11";"gildas";"0";"23";"0";"0"
"modifiers";"1067676302";"gildas";"6";"12";"gawain";"0";"39";"0";"0"
"modifiers";"3722112063";"gildas";"4";"7";"gildas";"0";"32";"0";"0"
"modifiers";"2081580528";"gildas";"8";"15";"gildas";"0";"29";"0";"0"
"modifiers";"441048993";"gildas";"5";"10";"gawain";"0";"41";"0";"0"
"modifiers";"3095484754";"gildas";"7";"13";"gildas";"0";"46";"0";"0"
"modifiers";"1454953219";"gildas";"6";"12";"gawain";"0";"21";"0";"0"
"modifiers";"4109388980";"gildas";"5";"10";"gawain";"0";"37";"0";"0"
"modifiers";"2468857445";"gildas";"5";"9";"gildas";"0";"52";"0";"0"
"modifiers";"828325910";"gildas";"6";"12";"gawain";"0";"42";"0";"0"
"modifiers";"3482761671";"gildas";"6";"12";"gawain";"0";"28";"0";"0"
"modifiers";"1842230136";"gildas";"4";"8";"gawain";"0";"52";"0";"0"
"modifiers";"201698601";"gildas";"6";"12";"gawain";"0";"5";"0";"0"
"modifiers";"2856134362";"gildas";"6";"11";"gildas";"0";"45";"0";"0"
"modifiers";"1215602827";"gildas";"7";"14";"gawain";"0";"52";"0";"0"
"modifiers";"3870038588";"gildas";"3";"5";"gildas";"0";"65";"0";"0"
"modifiers";"2229507053";"gildas";"6";"11";"gildas";"0";"44";"0";"0"
"modifiers";"588975518";"gildas";"3";"6";"gawain";"0";"43";"0";"0"
"modifiers";"3243411279";"gildas";"6";"12";"gawain";"0";"26";"0";"0"
"modifiers";"1602879744";"gildas";"4";"8";"gawain";"0";"40";"0";"0"
"modifiers";"4257315505";"gildas";"6";"12";"gawain";"0";"30";"0";"0"
"modifiers";"2616783970";"gildas";"5";"9";"gildas";"0";"65";"0";"0"
"modifiers";"976252435";"gildas";"4";"8";"gawain";"0";"38";"0";"0"
"modifiers";"3630688196";"gildas";"4";"7";"gildas";"0";"52";"0";"0"
"modifiers";"1990156661";"gildas";"6";"12";"gawain";"0";"49";"0";"0"
"modifiers";"349625126";"gildas";"6";"11";"gildas";"0";"56";"0";"0"
"modifiers";"3004060887";"gildas";"8";"16";"gawain";"0";"49";"0";"0"
"modifiers";"1363529352";"gildas";"5";"10";"gawain";"0";"28";"0";"0"
"modifiers";"4017965113";"gildas";"5";"10";"gawain";"0";"34";"0";"0"
"modifiers";"2377433578";"gildas";"5";"10";"gawain";"0";"35";"0";"0"
"modifiers";"736902043";"gildas";"4";"8";"gawain";"0";"34";"0";"0"
"modifiers";"3391337804";"gildas";"4";"7";"gildas";"0";"53";"0";"0"
"modifiers";"1750806269";"gildas";"8";"16";"gawain";"0";"6";"0";"0"
"modifiers";"110274734";"gildas";"4";"7";"gildas";"0";"39";"0";"0"
"modifiers";"2764710495";"gildas";"5";"10";"gawain";"0";"28";"0";"0"
"modifiers";"1124178960";"gildas";"7";"14";"gawain";"0";"27";"0";"0"
"modifiers";"3778614721";"gildas";"8";"15";"gildas";"0";"34";"0";"0"
"modifiers";"2138083186";"gildas";"6";"11";"gildas";"0";"50";"0";"0"
"modifiers";"497551651";"gildas";"7";"14";"gawain";"0";"38";"0";"0"
"modifiers";"3151987412";"gildas";"4";"8";"gawain";"0";"31";"0";"0"
"modifiers";"1511455877";"gildas";"6";"11";"gildas";"0";"46";"0";"0"
"modifiers";"4165891638";"gildas";"6";"12";"gawain";"0";"16";"0";"0"
"modifiers";"2525360103";"gildas";"5";"9";"gildas";"0";"47";"0";"0"
"modifiers";"884828568";"gildas";"4";"8";"gawain";"0";"27";"0";"0"
"modifiers";"3539264329";"gildas";"7";"14";"gawain";"0";"51";"0";"0"
"modifiers";"1898732794";"gildas";"4";"7";"gildas";"0";"55";"0";"0"
"modifiers";"258201259";"gildas";"5";"9";"gildas";"0";"53";"0";"0"
"modifiers";"2912637020";"gildas";"5";"9";"gildas";"0";"52";"0";"0"
"modifiers";"1272105485";"gildas";"6";"12";"gawain";"0";"39";"0";"0"
"modifiers";"3926541246";"gildas";"7";"13";"gildas";"0";"20";"0";"0"
"modifiers";"2286009711";"gildas";"6";"12";"gawain";"0";"26";"0";"0"
"modifiers";"645478176";"gildas";"4";"8";"gawain";"0";"55";"0";"0"
"modifiers";"3299913937";"gildas";"5";"9";"gildas";"0";"48";"0";"0"
"modifiers";"1659382402";"gildas";"4";"8";"gawain";"0";"51";"0";"0"
"modifiers";"18850867";"gildas";"6";"11";"gildas";"0";"56";"0";"0"
"modifiers";"2673286628";"gildas";"4";"7";"gildas";"0";"41";"0";"0"
"modifiers";"1032755093";"gildas";"7";"14";"gawain";"0";"28";"0";"0"
"modifiers";"3687190854";"gildas";"5";"9";"gildas";"0";"47";"0";"0"
"modifiers";"2046659319";"gildas";"8";"16";"gawain";"0";"33";"0";"0"
"modifiers";"406127784";"gildas";"5";"10";"gawain";"0";"45";"0";"0"
"modifiers";"3060563545";"gildas";"6";"12";"gawain";"0";"40";"0";"0"
"modifiers";"1420032010";"gildas";"7";"14";"gawain";"0";"12";"0";"0"
"modifiers";"4074467771";"gildas";"5";"9";"gildas";"0";"49";"0";"0"
"modifiers";"2433936236";"gildas";"5";"9";"gildas";"0";"62";"0";"0"
"modifiers";"793404701";"gildas";"6";"11";"gildas";"0";"65";"0";"0"
"modifiers";"3447840462";"gildas";"3";"5";"gildas";"0";"48";"0";"0"
"modifiers";"1807308927";"gildas";"5";"9";"gildas";"0";"56";"0";"0"
"modifiers";"166777392";"gildas";"6";"12";"gawain";"0";"37";"0";"0"
"modifiers";"2821213153";"gildas";"6";"12";"gawain";"0";"43";"0";"0"
"modifiers";"1180681618";"gildas";"4";"7";"gildas";"0";"44";"0";"0"
"modifiers";"3835117379";"gildas";"7";"13";"gildas";"0";"10";"0";"0"
"control";"10609178";"gildas";"6";"12";"gawain";"0";"31";"1";"4"
"control";"2665044939";"gildas";"9";"17";"gildas";"0";"9";"2";"2"
"control";"1024513404";"gildas";"5";"10";"gawain";"0";"65";"1";"2"
"control";"3678949165";"gildas";"8";"16";"gawain";"0";"40";"1";"4"
"control";"2038417630";"gildas";"8";"15";"gildas";"0";"53";"2";"0"
"control";"397886095";"gildas";"5";"9";"gildas";"0";"53";"1";"2"
"control";"3052321856";"gildas";"8";"15";"gildas";"0";"44";"2";"2"
"control";"1411790321";"gildas";"5";"10";"gawain";"0";"36";"0";"4"
"control";"4066226082";"gildas";"8";"15";"gildas";"0";"51";"1";"2"
"control";"2425694547";"gildas";"6";"12";"gawain";"0";"48";"2";"2"
"control";"785163012";"gildas";"5";"10";"gildas";"0";"39";"1";"1"
"control";"3439598773";"gildas";"7";"14";"gawain";"0";"20";"0";"4"
"control";"1799067238";"gildas";"5";"10";"gawain";"0";"61";"2";"0"
"control";"158535703";"gildas";"5";"10";"gawain";"0";"46";"0";"0"
"control";"2812971464";"gildas";"8";"15";"gildas";"0";"47";"2";"2"
"control";"1172439929";"gildas";"6";"12";"gawain";"0";"57";"1";"3"
"control";"3826875690";"gildas";"8";"15";"gildas";"0";"44";"2";"2"
"control";"2186344155";"gildas";"6";"11";"gildas";"0";"33";"1";"2"
"control";"545812620";"gildas";"6";"12";"gawain";"0";"44";"2";"1"
"control";"3200248381";"gildas";"8";"15";"gildas";"0";"41";"2";"2"
"control";"1559716846";"gildas";"3";"6";"gawain";"0";"62";"1";"1"
"control";"4214152607";"gildas";"6";"11";"gildas";"0";"53";"1";"2"
"control";"2573621072";"gildas";"6";"11";"gildas";"0";"51";"2";"2"
"control";"933089537";"gildas";"5";"9";"gildas";"0";"61";"1";"0"
"control";"3587525298";"gildas";"6";"11";"gawain";"0";"39";"0";"1"
"control";"1946993763";"gildas";"7";"13";"gildas";"0";"24";"0";"6"
"control";"306462228";"gildas";"8";"16";"gawain";"0";"52";"3";"2"
"control";"2960897989";"gildas";"8";"16";"gawain";"0";"29";"0";"2"
"control";"1320366454";"gildas";"5";"9";"gildas";"0";"65";"2";"2"
"control";"3974802215";"gildas";"4";"8";"gawain";"0";"50";"0";"2"
"control";"2334270680";"gawain";"8";"15";"gawain";"8";"0";"3";"6"
"control";"693739145";"gildas";"5";"9";"gildas";"0";"34";"0";"4"
"control";"3348174906";"gildas";"3";"5";"gildas";"0";"65";"1";"1"
"control";"1707643371";"gildas";"8";"16";"gawain";"0";"51";"1";"2"
"control";"67111836";"gildas";"8";"16";"gawain";"0";"25";"1";"3"
"control";"2721547597";"gildas";"5";"10";"gildas";"0";"44";"1";"3"
"control";"1081016062";"gildas";"8";"16";"gawain";"0";"16";"3";"3"
"control";"3735451823";"gildas";"3";"5";"gildas";"0";"52";"0";"1"
"control";"2094920288";"gildas";"12";"23";"gildas";"0";"34";"3";"2"
"control";"454388753";"gildas";"3";"6";"gawain";"0";"40";"0";"3"
"control";"3108824514";"gildas";"4";"7";"gildas";"0";"36";"0";"2"
"control";"1468292979";"gildas";"11";"22";"gawain";"0";"27";"3";"2"
"control";"4122728740";"gildas";"5";"10";"gawain";"0";"39";"1";"0"
"control";"2482197205";"gildas";"7";"13";"gildas";"0";"52";"0";"4"
"control";"841665670";"gildas";"9";"17";"gildas";"0";"35";"3";"2"
"control";"3496101431";"gildas";"8";"15";"gildas";"0";"15";"2";"6"
"control";"1855569896";"gildas";"5";"9";"gildas";"0";"65";"1";"0"
"control";"215038361";"gildas";"5";"9";"gildas";"0";"52";"2";"0"
"control";"2869474122";"gildas";"3";"6";"gildas";"0";"42";"0";"3"
"control";"1228942587";"gildas";"7";"14";"gawain";"0";"34";"0";"2"
"control";"3883378348";"gildas";"13";"26";"gawain";"0";"18";"2";"6"
"control";"2242846813";"gildas";"8";"16";"gawain";"0";"29";"3";"2"
"control";"602315278";"gildas";"5";"9";"gildas";"0";"48";"0";"4"
"control";"3256751039";"gildas";"8";"16";"gawain";"0";"39";"0";"0"
"control";"1616219504";"gildas";"6";"11";"gawain";"0";"58";"2";"1"
"control";"4270655265";"gildas";"8";"15";"gildas";"0";"50";"0";"0"
"control";"2630123730";"gildas";"6";"12";"gawain";"0";"27";"0";"2"
"control";"989592195";"gildas";"6";"12";"gawain";"0";"31";"1";"3"
"control";"3644027956";"gildas";"5";"10";"gawain";"0";"36";"1";"3"
"control";"2003496421";"gildas";"9";"17";"gildas";"0";"38";"1";"3"
"control";"362964886";"gildas";"6";"11";"gildas";"0";"45";"2";"1"
"control";"3017400647";"gildas";"9";"18";"gawain";"0";"15";"1";"4"
"control";"1376869112";"gildas";"5";"10";"gawain";"0";"43";"1";"2"
"control";"4031304873";"gildas";"7";"13";"gildas";"0";"34";"2";"4"
"control";"2390773338";"gildas";"5";"10";"gildas";"0";"47";"1";"5"
"control";"750241803";"gildas";"4";"8";"gawain";"0";"62";"0";"2"
"control";"3404677564";"gildas";"11";"21";"gildas";"0";"29";"3";"2"
"control";"1764146029";"gildas";"10";"20";"gawain";"0";"32";"0";"2"
"control";"123614494";"gildas";"8";"16";"gawain";"0";"38";"1";"4"
"control";"2778050255";"gildas";"8";"16";"gawain";"0";"26";"2";"3"
"control";"1137518720";"gildas";"6";"12";"gawain";"0";"38";"2";"5"
"control";"3791954481";"gildas";"5";"10";"gawain";"0";"35";"0";"3"
"control";"2151422946";"gildas";"5";"9";"gildas";"0";"49";"0";"2"
"control";"510891411";"gildas";"5";"10";"gawain";"0";"38";"1";"0"
"control";"3165327172";"gildas";"7";"13";"gildas";"0";"39";"1";"4"
"control";"1524795637";"gildas";"8";"16";"gawain";"0";"33";"2";"2"
"control";"4179231398";"gildas";"5";"10";"gawain";"0";"39";"0";"3"
"control";"2538699863";"gildas";"5";"9";"gildas";"0";"65";"2";"0"
"control";"898168328";"gildas";"6";"12";"gawain";"0";"40";"1";"4"
"control";"3552604089";"gildas";"8";"16";"gawain";"0";"49";"3";"0"
"control";"1912072554";"gildas";"8";"16";"gawain";"0";"26";"1";"2"
"control";"271541019";"gildas";"9";"18";"gawain";"0";"31";"3";"0"
"control";"2925976780";"gildas";"6";"11";"gildas";"0";"33";"0";"3"
"control";"1285445245";"gildas";"9";"17";"gildas";"0";"62";"2";"0"
"control";"3939881006";"gildas";"5";"9";"gildas";"0";"60";"1";"2"
"control";"2299349471";"gildas";"6";"11";"gildas";"0";"35";"1";"1"
"control";"658817936";"gildas";"6";"12";"gawain";"0";"49";"1";"0"
"control";"3313253697";"gildas";"10";"19";"gildas";"0";"49";"2";"0"
"control";"1672722162";"gildas";"6";"12";"gawain";"0";"39";"1";"5"
"control";"32190627";"gildas";"5";"9";"gildas";"0";"51";"1";"2"
"control";"2686626388";"gildas";"5";"9";"gildas";"0";"58";"1";"0"
"control";"1046094853";"gildas";"6";"12";"gawain";"0";"26";"1";"3"
"control";"3700530614";"gildas";"9";"18";"gawain";"0";"17";"2";"4"
"control";"2059999079";"gildas";"6";"11";"gildas";"0";"51";"1";"2"
"control";"419467544";"gildas";"7";"13";"gildas";"0";"50";"1";"0"
"control";"3073903305";"gildas";"7";"13";"gildas";"0";"52";"1";"0"
"control";"1433371770";"gildas";"8";"15";"gildas";"0";"26";"1";"0"
"control";"4087807531";"gildas";"5";"9";"gildas";"0";"61";"0";"2"
"control";"2447275996";"gildas";"8";"15";"gildas";"0";"32";"3";"2"
"control";"806744461";"gildas";"6";"12";"gawain";"0";"55";"2";"3"
"control";"3461180222";"gildas";"4";"7";"gildas";"0";"37";"0";"2"
"control";"1820648687";"gildas";"5";"10";"gawain";"0";"30";"1";"3"
"control";"180117152";"gildas";"6";"12";"gawain";"0";"51";"1";"2"
"control";"2834552913";"gildas";"11";"22";"gawain";"0";"3";"3";"7"
"control";"1194021378";"gildas";"4";"7";"gildas";"0";"41";"0";"2"
"control";"3848457139";"gildas";"11";"21";"gildas";"0";"50";"3";"2"
"control";"2207925604";"gildas";"5";"9";"gildas";"0";"43";"0";"4"
"control";"567394069";"gildas";"8";"15";"gildas";"0";"32";"1";"0"
"control";"3221829830";"gildas";"5";"10";"gawain";"0";"50";"2";"2"
"control";"1581298295";"gildas";"8";"16";"gawain";"0";"42";"2";"2"
"control";"4235734056";"gildas";"8";"16";"gawain";"0";"55";"1";"2"
"control";"2595202521";"gildas";"4";"7";"gildas";"0";"62";"1";"2"
"control";"954670986";"gildas";"5";"9";"gildas";"0";"28";"0";"4"
"control";"3609106747";"gildas";"8";"16";"gawain";"0";"20";"1";"4"
"control";"1968575212";"gildas";"6";"11";"gildas";"0";"32";"1";"5"
"control";"328043677";"gildas";"5";"9";"gildas";"0";"45";"1";"0"
"control";"2982479438";"gildas";"9";"17";"gildas";"0";"23";"3";"2"
"control";"1341947903";"gildas";"7";"13";"gildas";"0";"53";"0";"4"
"control";"3996383664";"gildas";"5";"10";"gawain";"0";"60";"1";"2"
"control";"2355852129";"gildas";"6";"11";"gawain";"0";"37";"1";"2"
"control";"715320594";"gildas";"10";"19";"gildas";"0";"25";"1";"0"
"control";"3369756355";"gildas";"8";"15";"gildas";"0";"21";"2";"2"
"control";"1729224820";"gildas";"5";"10";"gawain";"0";"61";"2";"2"
"control";"88693285";"gildas";"6";"11";"gawain";"0";"50";"0";"2"
"control";"2743129046";"gildas";"3";"5";"gildas";"0";"56";"0";"1"
"control";"1102597511";"gildas";"5";"10";"gawain";"0";"57";"0";"0"
"control";"3757033272";"gildas";"9";"17";"gildas";"0";"15";"1";"6"
"control";"2116501737";"gildas";"5";"10";"gawain";"0";"44";"0";"0"
"control";"475970202";"gildas";"8";"15";"gildas";"0";"39";"3";"2"
"control";"3130405963";"gildas";"5";"10";"gawain";"0";"24";"0";"5"
"control";"1489874428";"gildas";"3";"5";"gildas";"0";"53";"0";"2"
"control";"4144310189";"gildas";"5";"10";"gawain";"0";"29";"0";"2"
"control";"2503778654";"gildas";"6";"11";"gildas";"0";"50";"1";"2"
"control";"863247119";"gildas";"6";"12";"gawain";"0";"50";"0";"1"
"control";"3517682880";"gildas";"5";"9";"gildas";"0";"40";"0";"4"
"control";"1877151345";"gildas";"8";"16";"gawain";"0";"46";"2";"2"
"control";"236619810";"gildas";"5";"10";"gawain";"0";"58";"1";"0"
"control";"2891055571";"gildas";"6";"11";"gildas";"0";"29";"0";"3"
"control";"1250524036";"gildas";"6";"11";"gildas";"0";"39";"0";"0"
"control";"3904959797";"gildas";"8";"15";"gildas";"0";"40";"1";"4"
"control";"2264428262";"gildas";"3";"6";"gildas";"0";"59";"1";"2"
"control";"623896727";"gildas";"4";"8";"gawain";"0";"53";"0";"2"
"control";"3278332488";"gildas";"6";"12";"gawain";"0";"29";"0";"3"
"control";"1637800953";"gildas";"6";"11";"gildas";"0";"47";"0";"4"
"control";"4292236714";"gildas";"5";"10";"gawain";"0";"48";"2";"2"
"control";"2651705179";"gildas";"6";"11";"gildas";"0";"57";"1";"1"
"control";"1011173644";"gildas";"9";"17";"gildas";"0";"31";"1";"3"
"control";"3665609405";"gildas";"4";"7";"gildas";"0";"45";"1";"4"
"control";"2025077870";"gildas";"6";"11";"gawain";"0";"47";"1";"3"
"control";"384546335";"gildas";"10";"20";"gawain";"0";"31";"1";"2"
"control";"3038982096";"gildas";"6";"11";"gildas";"0";"25";"1";"2"
"control";"1398450561";"gildas";"9";"17";"gildas";"0";"40";"1";"3"
"control";"4052886322";"gildas";"8";"16";"gawain";"0";"52";"1";"3"
"control";"2412354787";"gildas";"8";"16";"gawain";"0";"37";"2";"0"
"control";"771823252";"gildas";"6";"12";"gawain";"0";"50";"2";"0"
"control";"3426259013";"gildas";"8";"15";"gildas";"0";"41";"2";"2"
"control";"1785727478";"gildas";"6";"11";"gildas";"0";"59";"0";"1"
"control";"145195943";"gildas";"6";"11";"gildas";"0";"53";"1";"1"
"control";"2799631704";"gildas";"5";"9";"gildas";"0";"36";"1";"4"
"control";"1159100169";"gildas";"8";"15";"gildas";"0";"25";"2";"6"
"control";"3813535930";"gildas";"8";"16";"gawain";"0";"47";"1";"4"
"control";"2173004395";"gildas";"5";"10";"gawain";"0";"51";"0";"2"
"control";"532472860";"gildas";"5";"9";"gildas";"0";"34";"1";"4"
"control";"3186908621";"gildas";"5";"10";"gawain";"0";"51";"1";"2"
"control";"1546377086";"gildas";"8";"15";"gildas";"0";"47";"1";"0"
"control";"4200812847";"gildas";"10";"19";"gildas";"0";"33";"3";"4"
"control";"2560281312";"gildas";"7";"14";"gawain";"0";"42";"2";"2"
"control";"919749777";"gildas";"7";"14";"gawain";"0";"37";"1";"0"
"control";"3574185538";"gildas";"7";"13";"gildas";"0";"55";"1";"2"
"control";"1933654003";"gildas";"9";"17";"gildas";"0";"44";"2";"2"
"control";"293122468";"gildas";"6";"12";"gildas";"0";"41";"1";"4"
"control";"2947558229";"gildas";"6";"11";"gildas";"0";"44";"2";"3"
"control";"1307026694";"gildas";"6";"11";"gawain";"0";"45";"2";"4"
"control";"3961462455";"gildas";"4";"7";"gildas";"0";"50";"1";"2"
"control";"2320930920";"gildas";"6";"12";"gawain";"0";"37";"1";"5"
"control";"680399385";"gildas";"6";"12";"gawain";"0";"53";"1";"5"
"control";"3334835146";"gildas";"6";"12";"gawain";"0";"58";"2";"3"
"control";"1694303611";"gildas";"5";"9";"gildas";"0";"55";"2";"2"
"control";"53772076";"gildas";"8";"15";"gildas";"0";"30";"1";"4"
"control";"2708207837";"gildas";"5";"9";"gildas";"0";"39";"1";"2"
"control";"1067676302";"gildas";"11";"22";"gawain";"0";"2";"2";"4"
"control";"3722112063";"gildas";"3";"5";"gildas";"0";"44";"0";"2"
"control";"2081580528";"gildas";"6";"11";"gildas";"0";"55";"1";"1"
"control";"441048993";"gildas";"7";"13";"gawain";"0";"50";"1";"4"
"control";"3095484754";"gildas";"7";"13";"gildas";"0";"39";"2";"0"
"control";"1454953219";"gildas";"8";"16";"gawain";"0";"7";"2";"3"
"control";"4109388980";"gildas";"6";"12";"gawain";"0";"37";"2";"2"
"control";"2468857445";"gildas";"6";"11";"gildas";"0";"49";"1";"4"
"control";"828325910";"gildas";"8";"16";"gawain";"0";"8";"1";"4"
"control";"3482761671";"gildas";"8";"16";"gawain";"0";"22";"3";"3"
"control";"1842230136";"gildas";"6";"12";"gawain";"0";"46";"1";"3"
"control";"201698601";"gildas";"4";"8";"gawain";"0";"45";"0";"4"
"control";"2856134362";"gildas";"5";"10";"gildas";"0";"38";"1";"1"
"control";"1215602827";"gildas";"12";"24";"gawain";"0";"8";"0";"2"
"control";"3870038588";"gildas";"9";"17";"gildas";"0";"38";"3";"0"
"control";"2229507053";"gildas";"5";"9";"gildas";"0";"65";"2";"0"
"control";"588975518";"gildas";"4";"7";"gawain";"0";"49";"0";"2"
"control";"3243411279";"gildas";"8";"16";"gawain";"0";"39";"1";"2"
"control";"1602879744";"gildas";"4";"7";"gawain";"0";"36";"1";"4"
"control";"4257315505";"gildas";"9";"18";"gawain";"0";"14";"3";"7"
"control";"2616783970";"gildas";"11";"21";"gildas";"0";"39";"2";"0"
"control";"976252435";"gildas";"5";"10";"gawain";"0";"50";"1";"4"
"control";"3630688196";"gildas";"6";"11";"gildas";"0";"49";"1";"3"
"control";"1990156661";"gildas";"5";"10";"gawain";"0";"41";"1";"4"
"control";"349625126";"gildas";"7";"13";"gildas";"0";"41";"1";"2"
"control";"3004060887";"gildas";"10";"20";"gawain";"0";"25";"1";"2"
"control";"1363529352";"gildas";"8";"16";"gawain";"0";"20";"1";"5"
"control";"4017965113";"gildas";"5";"10";"gawain";"0";"61";"2";"2"
"control";"2377433578";"gildas";"5";"10";"gawain";"0";"48";"0";"0"
"control";"736902043";"gildas";"5";"10";"gawain";"0";"36";"0";"3"
"control";"3391337804";"gildas";"6";"11";"gildas";"0";"34";"2";"5"
"control";"1750806269";"gildas";"9";"18";"gawain";"0";"23";"1";"6"
"control";"110274734";"gildas";"5";"9";"gildas";"0";"41";"1";"4"
"control";"2764710495";"gildas";"7";"14";"gawain";"0";"34";"0";"4"
"control";"1124178960";"gildas";"9";"17";"gawain";"0";"31";"2";"2"
"control";"3778614721";"gildas";"9";"17";"gildas";"0";"57";"2";"1"
"control";"2138083186";"gildas";"5";"10";"gildas";"0";"30";"1";"5"
"control";"497551651";"gildas";"8";"16";"gawain";"0";"65";"1";"2"
"control";"3151987412";"gildas";"6";"11";"gawain";"0";"51";"2";"3"
"control";"1511455877";"gildas";"5";"10";"gildas";"0";"55";"0";"3"
"control";"4165891638";"gildas";"6";"12";"gawain";"0";"18";"1";"4"
"control";"2525360103";"gildas";"6";"11";"gildas";"0";"40";"0";"0"
"control";"884828568";"gildas";"8";"16";"gawain";"0";"31";"2";"2"
"control";"3539264329";"gildas";"6";"12";"gawain";"0";"65";"2";"0"
"control";"1898732794";"gildas";"5";"10";"gildas";"0";"35";"0";"3"
"control";"258201259";"gildas";"6";"11";"gildas";"0";"53";"2";"0"
"control";"2912637020";"gildas";"5";"9";"gildas";"0";"39";"0";"4"
"control";"1272105485";"gildas";"6";"12";"gawain";"0";"56";"1";"1"
"control";"3926541246";"gildas";"9";"17";"gildas";"0";"31";"1";"2"
"control";"2286009711";"gildas";"9";"18";"gawain";"0";"13";"2";"5"
"control";"645478176";"gildas";"9";"17";"gawain";"0";"29";"2";"1"
"control";"3299913937";"gildas";"7";"13";"gildas";"0";"48";"1";"0"
"control";"1659382402";"gildas";"5";"10";"gawain";"0";"59";"1";"0"
"control";"18850867";"gildas";"9";"17";"gildas";"0";"34";"3";"2"
"control";"2673286628";"gildas";"5";"9";"gildas";"0";"42";"0";"4"
"control";"1032755093";"gildas";"6";"12";"gawain";"0";"35";"0";"4"
"control";"3687190854";"gildas";"5";"9";"gildas";"0";"52";"2";"2"
"control";"2046659319";"gildas";"8";"16";"gawain";"0";"45";"1";"1"
"control";"406127784";"gildas";"5";"10";"gawain";"0";"55";"2";"2"
"control";"3060563545";"gildas";"7";"14";"gawain";"0";"24";"2";"6"
"control";"1420032010";"gildas";"8";"16";"gawain";"0";"16";"2";"6"
"control";"4074467771";"gildas";"5";"9";"gildas";"0";"36";"1";"2"
"control";"2433936236";"gildas";"6";"11";"gildas";"0";"58";"0";"0"
"control";"793404701";"gildas";"5";"9";"gildas";"0";"51";"1";"2"
"control";"3447840462";"gildas";"3";"5";"gildas";"0";"51";"0";"1"
"control";"1807308927";"gildas";"8";"15";"gildas";"0";"50";"2";"2"
"control";"166777392";"gildas";"6";"12";"gawain";"0";"53";"1";"3"
"control";"2821213153";"gildas";"5";"10";"gawain";"0";"45";"1";"2"
"control";"1180681618";"gildas";"3";"5";"gildas";"0";"65";"1";"1"
"control";"3835117379";"gildas";"6";"11";"gildas";"0";"39";"1";"2"
"forms";"10609178";"gildas";"3";"6";"gawain";"0";"52";"0";"0"
"forms";"2665044939";"gildas";"4";"7";"gildas";"0";"53";"0";"0"
"forms";"1024513404";"gildas";"3";"6";"gawain";"0";"47";"0";"0"
"forms";"3678949165";"gildas";"6";"12";"gawain";"0";"38";"0";"0"
"forms";"2038417630";"gildas";"4";"7";"gildas";"0";"51";"0";"0"
"forms";"397886095";"gildas";"6";"11";"gildas";"0";"36";"0";"0"
"forms";"3052321856";"gildas";"5";"9";"gildas";"0";"47";"0";"0"
"forms";"1411790321";"gildas";"3";"6";"gawain";"0";"37";"0";"0"
"forms";"4066226082";"gildas";"5";"9";"gildas";"0";"54";"0";"0"
"forms";"2425694547";"gildas";"3";"6";"gawain";"0";"62";"0";"0"
"forms";"785163012";"gildas";"5";"9";"gildas";"0";"62";"0";"0"
"forms";"3439598773";"gildas";"4";"8";"gawain";"0";"37";"0";"0"
"forms";"1799067238";"gildas";"4";"8";"gawain";"0";"41";"0";"0"
"forms";"158535703";"gildas";"5";"10";"gawain";"0";"10";"0";"0"
"forms";"2812971464";"gildas";"4";"7";"gildas";"0";"51";"0";"0"
"forms";"1172439929";"gildas";"6";"12";"gawain";"0";"22";"0";"0"
"forms";"3826875690";"gildas";"7";"13";"gildas";"0";"35";"0";"0"
"forms";"2186344155";"gildas";"4";"7";"gildas";"0";"48";"0";"0"
"forms";"545812620";"gawain";"6";"11";"gawain";"30";"0";"0";"0"
"forms";"3200248381";"gildas";"5";"9";"gildas";"0";"55";"0";"0"
"forms";"1559716846";"gildas";"3";"6";"gawain";"0";"40";"0";"0"
"forms";"4214152607";"gildas";"3";"5";"gildas";"0";"50";"0";"0"
"forms";"2573621072";"gildas";"5";"9";"gildas";"0";"51";"0";"0"
"forms";"933089537";"gildas";"6";"11";"gildas";"0";"23";"0";"0"
"forms";"3587525298";"gildas";"6";"12";"gawain";"0";"32";"0";"0"
"forms";"1946993763";"gildas";"6";"11";"gildas";"0";"38";"0";"0"
"forms";"306462228";"gildas";"6";"12";"gawain";"0";"37";"0";"0"
"forms";"2960897989";"gildas";"4";"8";"gawain";"0";"43";"0";"0"
"forms";"1320366454";"gildas";"4";"7";"gildas";"0";"55";"0";"0"
"forms";"3974802215";"gildas";"3";"6";"gawain";"0";"36";"0";"0"
"forms";"2334270680";"gildas";"6";"12";"gawain";"0";"21";"0";"0"
"forms";"693739145";"gildas";"3";"5";"gildas";"0";"36";"0";"0"
"forms";"3348174906";"gildas";"5";"9";"gildas";"0";"13";"0";"0"
"forms";"1707643371";"gildas";"4";"8";"gawain";"0";"26";"0";"0"
"forms";"67111836";"gildas";"6";"12";"gawain";"0";"29";"0";"0"
"forms";"2721547597";"gildas";"7";"13";"gildas";"0";"5";"0";"0"
"forms";"1081016062";"gildas";"3";"6";"gawain";"0";"65";"0";"0"
"forms";"3735451823";"gildas";"4";"7";"gildas";"0";"28";"0";"0"
"forms";"2094920288";"gildas";"3";"5";"gildas";"0";"54";"0";"0"
"forms";"454388753";"gildas";"3";"6";"gawain";"0";"44";"0";"0"
"forms";"3108824514";"gildas";"5";"9";"gildas";"0";"42";"0";"0"
"forms";"1468292979";"gildas";"5";"10";"gawain";"0";"50";"0";"0"
"forms";"4122728740";"gildas";"6";"12";"gawain";"0";"35";"0";"0"
"forms";"2482197205";"gildas";"4";"7";"gildas";"0";"45";"0";"0"
"forms";"841665670";"gildas";"7";"13";"gildas";"0";"19";"0";"0"
"forms";"3496101431";"gildas";"6";"11";"gildas";"0";"28";"0";"0"
"forms";"1855569896";"gildas";"5";"9";"gildas";"0";"39";"0";"0"
"forms";"215038361";"gildas";"4";"7";"gildas";"0";"65";"0";"0"
"forms";"2869474122";"gildas";"3";"5";"gildas";"0";"52";"0";"0"
"forms";"1228942587";"gildas";"3";"6";"gawain";"0";"59";"0";"0"
"forms";"3883378348";"gildas";"7";"14";"gawain";"0";"41";"0";"0"
"forms";"2242846813";"gildas";"6";"12";"gawain";"0";"45";"0";"0"
"forms";"602315278";"gildas";"2";"3";"gildas";"0";"65";"0";"0"
"forms";"3256751039";"gildas";"7";"14";"gawain";"0";"40";"0";"0"
"forms";"1616219504";"gildas";"4";"8";"gawain";"0";"38";"0";"0"
"forms";"4270655265";"gildas";"5";"9";"gildas";"0";"51";"0";"0"
"forms";"2630123730";"gildas";"2";"4";"gawain";"0";"46";"0";"0"
"forms";"989592195";"gildas";"5";"10";"gawain";"0";"40";"0";"0"
"forms";"3644027956";"gildas";"5";"10";"gawain";"0";"46";"0";"0"
"forms";"2003496421";"gildas";"7";"13";"gildas";"0";"32";"0";"0"
"forms";"362964886";"gildas";"4";"7";"gildas";"0";"54";"0";"0"
"forms";"3017400647";"gildas";"6";"12";"gawain";"0";"33";"0";"0"
"forms";"1376869112";"gildas";"5";"10";"gawain";"0";"44";"0";"0"
"forms";"4031304873";"gildas";"6";"11";"gildas";"0";"50";"0";"0"
"forms";"2390773338";"gawain";"6";"12";"gildas";"21";"0";"0";"0"
"forms";"750241803";"gildas";"3";"6";"gawain";"0";"65";"0";"0"
"forms";"3404677564";"gildas";"8";"15";"gildas";"0";"47";"0";"0"
"forms";"1764146029";"gildas";"5";"10";"gawain";"0";"49";"0";"0"
"forms";"123614494";"gildas";"6";"12";"gawain";"0";"10";"0";"0"
"forms";"2778050255";"gildas";"6";"12";"gawain";"0";"42";"0";"0"
"forms";"1137518720";"gildas";"6";"12";"gawain";"0";"41";"0";"0"
"forms";"3791954481";"gildas";"5";"10";"gawain";"0";"37";"0";"0"
"forms";"2151422946";"gildas";"6";"11";"gildas";"0";"14";"0";"0"
"forms";"510891411";"gildas";"4";"8";"gawain";"0";"39";"0";"0"
"forms";"3165327172";"gildas";"3";"5";"gildas";"0";"65";"0";"0"
"forms";"1524795637";"gildas";"4";"8";"gawain";"0";"42";"0";"0"
"forms";"4179231398";"gildas";"5";"10";"gawain";"0";"36";"0";"0"
"forms";"2538699863";"gildas";"6";"11";"gildas";"0";"23";"0";"0"
"forms";"898168328";"gildas";"9";"18";"gawain";"0";"35";"0";"0"
"forms";"3552604089";"gildas";"6";"12";"gawain";"0";"46";"0";"0"
"forms";"1912072554";"gildas";"5";"10";"gawain";"0";"29";"0";"0"
"forms";"271541019";"gildas";"5";"10";"gawain";"0";"49";"0";"0"
"forms";"2925976780";"gildas";"4";"7";"gildas";"0";"44";"0";"0"
"forms";"1285445245";"gildas";"9";"17";"gildas";"0";"34";"0";"0"
"forms";"3939881006";"gildas";"5";"9";"gildas";"0";"27";"0";"0"
"forms";"2299349471";"gildas";"6";"11";"gildas";"0";"31";"0";"0"
"forms";"658817936";"gildas";"6";"12";"gawain";"0";"14";"0";"0"
"forms";"3313253697";"gildas";"5";"9";"gildas";"0";"45";"0";"0"
"forms";"1672722162";"gildas";"5";"10";"gawain";"0";"41";"0";"0"
"forms";"32190627";"gildas";"4";"7";"gildas";"0";"55";"0";"0"
"forms";"2686626388";"gildas";"4";"7";"gildas";"0";"42";"0";"0"
"forms";"1046094853";"gildas";"4";"8";"gawain";"0";"54";"0";"0"
"forms";"3700530614";"gildas";"5";"10";"gawain";"0";"38";"0";"0"
"forms";"2059999079";"gildas";"4";"7";"gildas";"0";"65";"0";"0"
"forms";"419467544";"gildas";"3";"5";"gildas";"0";"46";"0";"0"
"forms";"3073903305";"gildas";"3";"5";"gildas";"0";"56";"0";"0"
"forms";"1433371770";"gildas";"5";"9";"gildas";"0";"53";"0";"0"
"forms";"4087807531";"gildas";"7";"13";"gildas";"0";"25";"0";"0"
"forms";"2447275996";"gildas";"4";"7";"gildas";"0";"49";"0";"0"
"forms";"806744461";"gildas";"4";"8";"gawain";"0";"60";"0";"0"
